Process code;Routing Type;Item code;Refill code;Bulk code;Bulk size;Bulk size_FM;Priority;Packing line code;Packing ALT.;Packing loss rate;Packing production rate;Packing production rate with chane over;Eficiency of packing;Filling code;Filling ALT.;Filling loss rate;Filling production rate;Filling production rate with change over;Eficiency of Filling
STD;RR03;EB-PBE-MO1,14G;;;;;NOMINAL_LINE;VMP10;1;0;540;540;1;;;;;;
STD;RR03;EB-PBL-MO1,14G;;;;;NOMINAL_LINE;VMP10;1;0;540;540;1;;;;;;
STD;RR03;EL-EDCPBL-EM0.2GR;;;;;NOMINAL_LINE;VMP10;1;0;600;600;1;;;;;;
STD;RR03;EL-LB-MO1,7ML;;;;;NOMINAL_LINE;VMP10;1;0;600;600;1;;;;;;
STD;RR01;F-L01-OMG;;;;;NOMINAL_LINE;VMP99;1;0;600000;600000;1;;;;;;
STD;RR01;F-L02-OMG;;;;;NOMINAL_LINE;VMP99;1;0;600000;600000;1;;;;;;
STD;RR01;F-L03-OMG;;;;;NOMINAL_LINE;VMP99;1;0;600000;600000;1;;;;;;
STD;RR01;F-L04-OMG;;;;;NOMINAL_LINE;VMP99;1;0;600000;600000;1;;;;;;
STD;RR01;F-L05-OMG;;;;;NOMINAL_LINE;VMP99;1;0;600000;600000;1;;;;;;
STD;RR01;F-L06-OMG;;;;;NOMINAL_LINE;VMP99;1;0;600000;600000;1;;;;;;
STD;RR01;FT-FT-OMG;;;;;NOMINAL_LINE;VMP99;1;0;600000;600000;1;;;;;;
STD;RR01;FW-FWN2-OMG;;;;;NOMINAL_LINE;VMP99;1;0;600000;600000;1;;;;;;
STD;RR01;M-MN2-OMG;;;;;NOMINAL_LINE;VMP99;1;0;600000;600000;1;;;;;;
STD;RR01;MY-BBSLP-EM;;;;;NOMINAL_LINE;VMP10;1;0;1200;1200;1;;;;;;
STD;RR01;MY-BCLCLPA-W;;;;;NOMINAL_LINE;VMP10;1;0;840;840;1;;;;;;
STD;RR01;MY-BCLCLPB-W;;;;;NOMINAL_LINE;VMP10;1;0;840;840;1;;;;;;
STD;RR01;MY-BCLCLPC-W;;;;;NOMINAL_LINE;VMP10;1;0;840;840;1;;;;;;
STD;RR01;MY-BCLCLPD-W;;;;;NOMINAL_LINE;VMP10;1;0;840;840;1;;;;;;
STD;RR01;MY-BOCLCNB-EM;;;;;NOMINAL_LINE;VMP10;1;0;1200;1200;1;;;;;;
STD;RR01;MY-BOCLCPE-EM;;;;;NOMINAL_LINE;VMP10;1;0;1200;1200;1;;;;;;
STD;RR01;MY-BOCLCPI-EM;;;;;NOMINAL_LINE;VMP10;1;0;1200;1200;1;;;;;;
STD;RR01;MY-BOCLCVI-EM;;;;;NOMINAL_LINE;VMP10;1;0;1200;1200;1;;;;;;
STD;RR01;MY-BOCLPCS-EM;;;;;NOMINAL_LINE;VMP10;1;0;1200;1200;1;;;;;;
STD;RR01;MY-BOCLPML-EM;;;;;NOMINAL_LINE;VMP10;1;0;1200;1200;1;;;;;;
STD;RR01;MY-BOCLPPB-EM;;;;;NOMINAL_LINE;VMP10;1;0;1200;1200;1;;;;;;
STD;RR01;MY-BOCLPPMCB-EM;;;;;NOMINAL_LINE;VMP10;1;0;900;900;1;;;;;;
STD;RR01;MY-BOCLPPTVB-EM;;;;;NOMINAL_LINE;VMP10;1;0;1200;1200;1;;;;;;
STD;RR01;MY-BOCOCBMM-W;;;;;NOMINAL_LINE;VMP10;1;0;840;840;1;;;;;;
STD;RR01;MY-BOCOCBSC-W;;;;;NOMINAL_LINE;VMP10;1;0;840;840;1;;;;;;
STD;RR01;MY-BOCOCBSP-W;;;;;NOMINAL_LINE;VMP10;1;0;840;840;1;;;;;;
STD;RR01;MY-BPBBB-W;;;;;NOMINAL_LINE;VMP10;1;0;720;720;1;;;;;;
STD;RR01;MY-BRBMLP04-EM;;;;;NOMINAL_LINE;VMP10;1;0;1200;1200;1;;;;;;
STD;RR01;MY-CONSMULCA-EM;;;;;NOMINAL_LINE;VMP10;1;0;480;480;1;;;;;;
STD;RR01;MY-CUSCLCA-W;;;;;NOMINAL_LINE;VMP10;1;0;300;300;1;;;;;;
STD;RR01;MY-CUSCLCB-W;;;;;NOMINAL_LINE;VMP10;1;0;300;300;1;;;;;;
STD;RR01;MY-CUSCLCC-W;;;;;NOMINAL_LINE;VMP10;1;0;300;300;1;;;;;;
STD;RR01;MY-CUSCLCD-W;;;;;NOMINAL_LINE;VMP10;1;0;300;300;1;;;;;;
STD;RR01;MY-CUSCLCE-W;;;;;NOMINAL_LINE;VMP10;1;0;300;300;1;;;;;;
STD;RR01;MY-CUSCLCF-W;;;;;NOMINAL_LINE;VMP10;1;0;300;300;1;;;;;;
STD;RR01;MY-CUSCLCG-W;;;;;NOMINAL_LINE;VMP10;1;0;300;300;1;;;;;;
STD;RR01;MY-CUSCLCH-W;;;;;NOMINAL_LINE;VMP10;1;0;300;300;1;;;;;;
STD;RR01;MY-EBABBL-EM;;;;;NOMINAL_LINE;VMP10;1;0;900;900;1;;;;;;
STD;RR01;MY-EBABBR-EM;;;;;NOMINAL_LINE;VMP10;1;0;900;900;1;;;;;;
STD;RR01;MY-EBEXPMBD01-W;;;;;NOMINAL_LINE;VMP10;1;0;180;180;1;;;;;;
STD;RR01;MY-EBEXPMBD02-W;;;;;NOMINAL_LINE;VMP10;1;0;180;180;1;;;;;;
STD;RR01;MY-EBEXPMBD03-W;;;;;NOMINAL_LINE;VMP10;1;0;180;180;1;;;;;;
STD;RR01;MY-EBIPEM01-W;;;;;NOMINAL_LINE;VMP10;1;0;300;300;1;;;;;;
STD;RR01;MY-EBIPEM02-W;;;;;NOMINAL_LINE;VMP10;1;0;300;300;1;;;;;;
STD;RR01;MY-EBREPBL-W;;;;;NOMINAL_LINE;VMP10;1;0;600;600;1;;;;;;
STD;RR01;MY-EBREPBR-W;;;;;NOMINAL_LINE;VMP10;1;0;600;600;1;;;;;;
STD;RR01;MY-EBSMUEMA-EM;;;;;NOMINAL_LINE;VMP10;1;0;360;360;1;;;;;;
STD;RR01;MY-EBSMUEMB-EM;;;;;NOMINAL_LINE;VMP10;1;0;360;360;1;;;;;;
STD;RR01;MY-EBSMUEMC-EM;;;;;NOMINAL_LINE;VMP10;1;0;360;360;1;;;;;;
STD;RR01;MY-EBTS-EM;;;;;NOMINAL_LINE;VMP10;1;0;900;900;1;;;;;;
STD;RR01;MY-ELEDPBL-EM;;;;;NOMINAL_LINE;VMP10;1;0;1080;1080;1;;;;;;
STD;RR01;MY-ELEDPBR-EM;;;;;NOMINAL_LINE;VMP10;1;0;1080;1080;1;;;;;;
STD;RR01;MY-ESPRPBK-EM;;;;;NOMINAL_LINE;VMP10;1;0;900;900;1;;;;;;
STD;RR01;MY-ESPRPGI-EM;;;;;NOMINAL_LINE;VMP10;1;0;900;900;1;;;;;;
STD;RR01;MY-ESPRPNS-EM;;;;;NOMINAL_LINE;VMP10;1;0;900;900;1;;;;;;
STD;RR01;MY-ESPRPPH-EM;;;;;NOMINAL_LINE;VMP10;1;0;900;900;1;;;;;;
STD;RR01;MY-FAEGH-W;;;;;NOMINAL_LINE;VMP10;1;0;720;720;1;;;;;;
STD;RR01;MY-FAIPLGH02-W;;;;;NOMINAL_LINE;VMP10;1;0;180;180;1;;;;;;
STD;RR01;MY-FBWMM01-EM;;;;;NOMINAL_LINE;VMP10;1;0;900;900;1;;;;;;
STD;RR01;MY-FBWMM02-EM;;;;;NOMINAL_LINE;VMP10;1;0;900;900;1;;;;;;
STD;RR01;MY-FBWMM03-EM;;;;;NOMINAL_LINE;VMP10;1;0;900;900;1;;;;;;
STD;RR01;MY-FCLCMA-W;;;;;NOMINAL_LINE;VMP10;1;0;600;600;1;;;;;;
STD;RR01;MY-FCLCMB-W;;;;;NOMINAL_LINE;VMP10;1;0;600;600;1;;;;;;
STD;RR01;MY-FCLCMC-W;;;;;NOMINAL_LINE;VMP10;1;0;600;600;1;;;;;;
STD;RR01;MY-FCLCMD-W;;;;;NOMINAL_LINE;VMP10;1;0;600;600;1;;;;;;
STD;RR01;MY-FCLCME-W;;;;;NOMINAL_LINE;VMP10;1;0;600;600;1;;;;;;
STD;RR01;MY-FCLCMF-W;;;;;NOMINAL_LINE;VMP10;1;0;600;600;1;;;;;;
STD;RR01;MY-FCLCMG-W;;;;;NOMINAL_LINE;VMP10;1;0;600;600;1;;;;;;
STD;RR01;MY-FCLCMH-W;;;;;NOMINAL_LINE;VMP10;1;0;600;600;1;;;;;;
STD;RR01;MY-FLLF01-W;;;;;NOMINAL_LINE;VMP10;1;0;720;720;1;;;;;;
STD;RR01;MY-FLLF02-W;;;;;NOMINAL_LINE;VMP10;1;0;720;720;1;;;;;;
STD;RR01;MY-FLLF03-W;;;;;NOMINAL_LINE;VMP10;1;0;720;720;1;;;;;;
STD;RR01;MY-FLLF04-W;;;;;NOMINAL_LINE;VMP10;1;0;720;720;1;;;;;;
STD;RR01;MY-FMCMB-EM;;;;;NOMINAL_LINE;VMP10;1;0;900;900;1;;;;;;
STD;RR01;MY-FMCMSC-EM;;;;;NOMINAL_LINE;VMP10;1;0;900;900;1;;;;;;
STD;RR01;MY-FMCMSS-EM;;;;;NOMINAL_LINE;VMP10;1;0;900;900;1;;;;;;
STD;RR01;MY-FMIAV-EM;;;;;NOMINAL_LINE;VMP10;1;0;900;900;1;;;;;;
STD;RR01;MY-FMILGT-W;;;;;NOMINAL_LINE;VMP10;1;0;600;600;1;;;;;;
STD;RR01;MY-FMMBLU-EM;;;;;NOMINAL_LINE;VMP10;1;0;180;180;1;;;;;;
STD;RR01;MY-FMMCAC-EM;;;;;NOMINAL_LINE;VMP10;1;0;180;180;1;;;;;;
STD;RR01;MY-FMMCHAR-EM;;;;;NOMINAL_LINE;VMP10;1;0;180;180;1;;;;;;
STD;RR01;MY-FMMGRA-EM;;;;;NOMINAL_LINE;VMP10;1;0;180;180;1;;;;;;
STD;RR01;MY-FMMPO-EM;;;;;NOMINAL_LINE;VMP10;1;0;600;600;1;;;;;;
STD;RR01;MY-FMMRI-EM;;;;;NOMINAL_LINE;VMP10;1;0;600;600;1;;;;;;
STD;RR01;MY-FMMTTO-EM;;;;;NOMINAL_LINE;VMP10;1;0;600;600;1;;;;;;
STD;RR01;MY-FMPBTUWC-W;;;;;NOMINAL_LINE;VMP10;1;0;600;600;1;;;;;;
STD;RR01;MY-FMRLN2-W;;;;;NOMINAL_LINE;VMP10;1;0;600;600;1;;;;;;
STD;RR01;MY-FSAJ-EM;;;;;NOMINAL_LINE;VMP10;1;0;900;900;1;;;;;;
STD;RR01;MY-FSBSFS-EM;;;;;NOMINAL_LINE;VMP10;1;0;600;600;1;;;;;;
STD;RR01;MY-FTAN1-EM;;;;;NOMINAL_LINE;VMP10;1;0;360;360;1;;;;;;
STD;RR01;MY-FTBSE-EM;;;;;NOMINAL_LINE;VMP10;1;0;180;180;1;;;;;;
STD;RR01;MY-FTBST-EM;;;;;NOMINAL_LINE;VMP10;1;0;900;900;1;;;;;;
STD;RR01;MY-FTSBFT-EM;;;;;NOMINAL_LINE;VMP10;1;0;900;900;1;;;;;;
STD;RR01;MY-FWAN1-EM;;;;;NOMINAL_LINE;VMP10;1;0;360;360;1;;;;;;
STD;RR01;MY-FWBSACNE-EM;;;;;NOMINAL_LINE;VMP10;1;0;900;900;1;;;;;;
STD;RR01;MY-FWBSW-EM;;;;;NOMINAL_LINE;VMP10;1;0;900;900;1;;;;;;
STD;RR01;MY-FWCFW100-W;;;;;NOMINAL_LINE;VMP10;1;0;300;300;1;;;;;;
STD;RR01;MY-FWPHASN2-EM;;;;;NOMINAL_LINE;VMP10;1;0;900;900;1;;;;;;
STD;RR01;MY-FWRHMF-W;;;;;NOMINAL_LINE;VMP10;1;0;600;600;1;;;;;;
STD;RR01;MY-FWRWSABHA-W;;;;;NOMINAL_LINE;VMP10;1;0;600;600;1;;;;;;
STD;RR01;MY-FWSBRDBL-EM;;;;;NOMINAL_LINE;VMP10;1;0;900;900;1;;;;;;
STD;RR01;MY-FWSBRDBR-EM;;;;;NOMINAL_LINE;VMP10;1;0;900;900;1;;;;;;
STD;RR01;MY-HBLAVG-EM;;;;;NOMINAL_LINE;VMP10;1;0;900;900;1;;;;;;
STD;RR01;MY-LBLMMC-EM;;;;;NOMINAL_LINE;VMP10;1;0;360;360;1;;;;;;
STD;RR01;MY-LBLMOR-EM;;;;;NOMINAL_LINE;VMP10;1;0;360;360;1;;;;;;
STD;RR01;MY-LBLMPB-EM;;;;;NOMINAL_LINE;VMP10;1;0;900;900;1;;;;;;
STD;RR01;MY-LBLMPR-EM;;;;;NOMINAL_LINE;VMP10;1;0;360;360;1;;;;;;
STD;RR01;MY-LBSR-EM;;;;;NOMINAL_LINE;VMP10;1;0;900;900;1;;;;;;
STD;RR01;MY-LBSTSPB-EM;;;;;NOMINAL_LINE;VMP10;1;0;600;600;1;;;;;;
STD;RR01;MY-LBSTSPC-EM;;;;;NOMINAL_LINE;VMP10;1;0;600;600;1;;;;;;
STD;RR01;MY-LCLADC01-W;;;;;NOMINAL_LINE;VMP10;1;0;300;300;1;;;;;;
STD;RR01;MY-LCLADC02-W;;;;;NOMINAL_LINE;VMP10;1;0;300;300;1;;;;;;
STD;RR01;MY-LCLADC03-W;;;;;NOMINAL_LINE;VMP10;1;0;300;300;1;;;;;;
STD;RR01;MY-LCLADC04-W;;;;;NOMINAL_LINE;VMP10;1;0;300;300;1;;;;;;
STD;RR01;MY-LCLADC05-W;;;;;NOMINAL_LINE;VMP10;1;0;300;300;1;;;;;;
STD;RR01;MY-LCLADC06-W;;;;;NOMINAL_LINE;VMP10;1;0;300;300;1;;;;;;
STD;RR01;MY-LCM01-EM;;;;;NOMINAL_LINE;VMP10;1;0;600;600;1;;;;;;
STD;RR01;MY-LCM02-EM;;;;;NOMINAL_LINE;VMP10;1;0;600;600;1;;;;;;
STD;RR01;MY-LCM03-EM;;;;;NOMINAL_LINE;VMP10;1;0;600;600;1;;;;;;
STD;RR01;MY-LCM04-EM;;;;;NOMINAL_LINE;VMP10;1;0;600;600;1;;;;;;
STD;RR01;MY-LCM05-EM;;;;;NOMINAL_LINE;VMP10;1;0;600;600;1;;;;;;
STD;RR01;MY-LCM06-EM;;;;;NOMINAL_LINE;VMP10;1;0;600;600;1;;;;;;
STD;RR01;MY-LCM07-EM;;;;;NOMINAL_LINE;VMP10;1;0;600;600;1;;;;;;
STD;RR01;MY-LCM08-EM;;;;;NOMINAL_LINE;VMP10;1;0;600;600;1;;;;;;
STD;RR01;MY-LCM09-EM;;;;;NOMINAL_LINE;VMP10;1;0;600;600;1;;;;;;
STD;RR01;MY-LCM10-EM;;;;;NOMINAL_LINE;VMP10;1;0;600;600;1;;;;;;
STD;RR01;MY-LCM11-EM;;;;;NOMINAL_LINE;VMP10;1;0;600;600;1;;;;;;
STD;RR01;MY-LCM12-EM;;;;;NOMINAL_LINE;VMP10;1;0;600;600;1;;;;;;
STD;RR01;MY-LCM13-EM;;;;;NOMINAL_LINE;VMP10;1;0;600;600;1;;;;;;
STD;RR01;MY-LCM14-EM;;;;;NOMINAL_LINE;VMP10;1;0;600;600;1;;;;;;
STD;RR01;MY-LCM15-EM;;;;;NOMINAL_LINE;VMP10;1;0;600;600;1;;;;;;
STD;RR01;MY-LCUM01-W;;;;;NOMINAL_LINE;VMP10;1;0;720;720;1;;;;;;
STD;RR01;MY-LCUM02-W;;;;;NOMINAL_LINE;VMP10;1;0;720;720;1;;;;;;
STD;RR01;MY-LCUM03-W;;;;;NOMINAL_LINE;VMP10;1;0;720;720;1;;;;;;
STD;RR01;MY-LCUM04-W;;;;;NOMINAL_LINE;VMP10;1;0;720;720;1;;;;;;
STD;RR01;MY-LCUM05-W;;;;;NOMINAL_LINE;VMP10;1;0;720;720;1;;;;;;
STD;RR01;MY-LCUM06-W;;;;;NOMINAL_LINE;VMP10;1;0;720;720;1;;;;;;
STD;RR01;MY-LCUM07-W;;;;;NOMINAL_LINE;VMP10;1;0;720;720;1;;;;;;
STD;RR01;MY-LCUM08-W;;;;;NOMINAL_LINE;VMP10;1;0;720;720;1;;;;;;
STD;RR01;MY-LCUSH01-EM;;;;;NOMINAL_LINE;VMP10;1;0;600;600;1;;;;;;
STD;RR01;MY-LCUSH02-EM;;;;;NOMINAL_LINE;VMP10;1;0;600;600;1;;;;;;
STD;RR01;MY-LCUSH03-EM;;;;;NOMINAL_LINE;VMP10;1;0;600;600;1;;;;;;
STD;RR01;MY-LCUSH04-EM;;;;;NOMINAL_LINE;VMP10;1;0;600;600;1;;;;;;
STD;RR01;MY-LCUSH05-EM;;;;;NOMINAL_LINE;VMP10;1;0;600;600;1;;;;;;
STD;RR01;MY-LCVM09-W;;;;;NOMINAL_LINE;VMP10;1;0;600;600;1;;;;;;
STD;RR01;MY-LCVM10-W;;;;;NOMINAL_LINE;VMP10;1;0;600;600;1;;;;;;
STD;RR01;MY-LCVM11-W;;;;;NOMINAL_LINE;VMP10;1;0;600;600;1;;;;;;
STD;RR01;MY-LCVM12-W;;;;;NOMINAL_LINE;VMP10;1;0;600;600;1;;;;;;
STD;RR01;MY-LCVM13-W;;;;;NOMINAL_LINE;VMP10;1;0;600;600;1;;;;;;
STD;RR01;MY-LCVM14-W;;;;;NOMINAL_LINE;VMP10;1;0;600;600;1;;;;;;
STD;RR01;MY-LGS01-EM;;;;;NOMINAL_LINE;VMP10;1;0;600;600;1;;;;;;
STD;RR01;MY-LGS02-EM;;;;;NOMINAL_LINE;VMP10;1;0;600;600;1;;;;;;
STD;RR01;MY-LGS03-EM;;;;;NOMINAL_LINE;VMP10;1;0;600;600;1;;;;;;
STD;RR01;MY-LGS04-EM;;;;;NOMINAL_LINE;VMP10;1;0;600;600;1;;;;;;
STD;RR01;MY-LGS05-EM;;;;;NOMINAL_LINE;VMP10;1;0;600;600;1;;;;;;
STD;RR01;MY-LIPEI01-W;;;;;NOMINAL_LINE;VMP10;1;0;600;600;1;;;;;;
STD;RR01;MY-LIPEI02-W;;;;;NOMINAL_LINE;VMP10;1;0;600;600;1;;;;;;
STD;RR01;MY-LIPEI03-W;;;;;NOMINAL_LINE;VMP10;1;0;600;600;1;;;;;;
STD;RR01;MY-LIPEI04-W;;;;;NOMINAL_LINE;VMP10;1;0;600;600;1;;;;;;
STD;RR01;MY-LIPEI05-W;;;;;NOMINAL_LINE;VMP10;1;0;600;600;1;;;;;;
STD;RR01;MY-LIPEI06-W;;;;;NOMINAL_LINE;VMP10;1;0;600;600;1;;;;;;
STD;RR01;MY-LIPEI07-W;;;;;NOMINAL_LINE;VMP10;1;0;600;600;1;;;;;;
STD;RR01;MY-LIPEI08-W;;;;;NOMINAL_LINE;VMP10;1;0;600;600;1;;;;;;
STD;RR01;MY-LLLS01-EM;;;;;NOMINAL_LINE;VMP10;1;0;360;360;1;;;;;;
STD;RR01;MY-LLLS02-EM;;;;;NOMINAL_LINE;VMP10;1;0;360;360;1;;;;;;
STD;RR01;MY-LLLS03-EM;;;;;NOMINAL_LINE;VMP10;1;0;360;360;1;;;;;;
STD;RR01;MY-LLLS04-EM;;;;;NOMINAL_LINE;VMP10;1;0;360;360;1;;;;;;
STD;RR01;MY-LNLCA-EM;;;;;NOMINAL_LINE;VMP10;1;0;360;360;1;;;;;;
STD;RR01;MY-LNLCB-EM;;;;;NOMINAL_LINE;VMP10;1;0;360;360;1;;;;;;
STD;RR01;MY-LNLCC-EM;;;;;NOMINAL_LINE;VMP10;1;0;360;360;1;;;;;;
STD;RR01;MY-LNLCD-EM;;;;;NOMINAL_LINE;VMP10;1;0;360;360;1;;;;;;
STD;RR01;MY-LNLCE-EM;;;;;NOMINAL_LINE;VMP10;1;0;360;360;1;;;;;;
STD;RR01;MY-LSLWCA-W;;;;;NOMINAL_LINE;VMP10;1;0;600;600;1;;;;;;
STD;RR01;MY-LSLWCB-W;;;;;NOMINAL_LINE;VMP10;1;0;600;600;1;;;;;;
STD;RR01;MY-LSLWCC-W;;;;;NOMINAL_LINE;VMP10;1;0;600;600;1;;;;;;
STD;RR01;MY-LSLWCD-W;;;;;NOMINAL_LINE;VMP10;1;0;600;600;1;;;;;;
STD;RR01;MY-LSLWCE-W;;;;;NOMINAL_LINE;VMP10;1;0;600;600;1;;;;;;
STD;RR01;MY-LSLWCF-W;;;;;NOMINAL_LINE;VMP10;1;0;600;600;1;;;;;;
STD;RR01;MY-LSLWCG-W;;;;;NOMINAL_LINE;VMP10;1;0;600;600;1;;;;;;
STD;RR01;MY-LSLWCH-W;;;;;NOMINAL_LINE;VMP10;1;0;600;600;1;;;;;;
STD;RR01;MY-LSLWCI-W;;;;;NOMINAL_LINE;VMP10;1;0;600;600;1;;;;;;
STD;RR01;MY-LSLWCJ-W;;;;;NOMINAL_LINE;VMP10;1;0;600;600;1;;;;;;
STD;RR01;MY-LSLWCK-W;;;;;NOMINAL_LINE;VMP10;1;0;600;600;1;;;;;;
STD;RR01;MY-LSLWCL-W;;;;;NOMINAL_LINE;VMP10;1;0;600;600;1;;;;;;
STD;RR01;MY-LSMULMA-EM;;;;;NOMINAL_LINE;VMP10;1;0;360;360;1;;;;;;
STD;RR01;MY-LSMULMD-EM;;;;;NOMINAL_LINE;VMP10;1;0;360;360;1;;;;;;
STD;RR01;MY-LTCR01-EM;;;;;NOMINAL_LINE;VMP10;1;0;600;600;1;;;;;;
STD;RR01;MY-LTCR02-EM;;;;;NOMINAL_LINE;VMP10;1;0;600;600;1;;;;;;
STD;RR01;MY-LTCR03-EM;;;;;NOMINAL_LINE;VMP10;1;0;600;600;1;;;;;;
STD;RR01;MY-LTCR04-EM;;;;;NOMINAL_LINE;VMP10;1;0;600;600;1;;;;;;
STD;RR01;MY-LTCR05-EM;;;;;NOMINAL_LINE;VMP10;1;0;600;600;1;;;;;;
STD;RR01;MY-LTMP04-EM;;;;;NOMINAL_LINE;VMP10;1;0;600;600;1;;;;;;
STD;RR01;MY-LTMP05-EM;;;;;NOMINAL_LINE;VMP10;1;0;600;600;1;;;;;;
STD;RR01;MY-LTMP06-EM;;;;;NOMINAL_LINE;VMP10;1;0;600;600;1;;;;;;
STD;RR01;MY-LTMPSG-EM;;;;;NOMINAL_LINE;VMP10;1;0;600;600;1;;;;;;
STD;RR01;MY-LTMPSM-EM;;;;;NOMINAL_LINE;VMP10;1;0;600;600;1;;;;;;
STD;RR01;MY-LTMPSR-EM;;;;;NOMINAL_LINE;VMP10;1;0;600;600;1;;;;;;
STD;RR01;MY-MABSE-EM;;;;;NOMINAL_LINE;VMP10;1;0;600;600;1;;;;;;
STD;RR01;MY-MAN1-EM;;;;;NOMINAL_LINE;VMP10;1;0;0;0;1;;;;;;
STD;RR01;MY-MASKEXPMM-W;;;;;NOMINAL_LINE;VMP10;1;0;180;180;1;;;;;;
STD;RR01;MY-MASKSLA-EM;;;;;NOMINAL_LINE;VMP10;1;0;900;900;1;;;;;;
STD;RR01;MY-MASKSMU-EM;;;;;NOMINAL_LINE;VMP10;1;0;360;360;1;;;;;;
STD;RR01;MY-MBSACNE-EM;;;;;NOMINAL_LINE;VMP10;1;0;900;900;1;;;;;;
STD;RR01;MY-MBSC-EM;;;;;NOMINAL_LINE;VMP10;1;0;900;900;1;;;;;;
STD;RR01;MY-MBSNC-EM;;;;;NOMINAL_LINE;VMP10;1;0;180;180;1;;;;;;
STD;RR01;MY-MBSTUC-EM;;;;;NOMINAL_LINE;VMP10;1;0;900;900;1;;;;;;
STD;RR01;MY-MCSAHG-W;;;;;NOMINAL_LINE;VMP10;1;0;600;600;1;;;;;;
STD;RR01;MY-MCSAOC-W;;;;;NOMINAL_LINE;VMP10;1;0;600;600;1;;;;;;
STD;RR01;MY-MCSRRC-W;;;;;NOMINAL_LINE;VMP10;1;0;600;600;1;;;;;;
STD;RR01;MY-MPHAG-EM;;;;;NOMINAL_LINE;VMP10;1;0;900;900;1;;;;;;
STD;RR01;MY-MRWSDCN2-W;;;;;NOMINAL_LINE;VMP10;1;0;600;600;1;;;;;;
STD;RR01;MY-MRWSNCN2-W;;;;;NOMINAL_LINE;VMP10;1;0;600;600;1;;;;;;
STD;RR01;MY-MURDIS-EM;;;;;NOMINAL_LINE;VMP10;1;0;900;900;1;;;;;;
STD;RR01;MY-PCLR-W;;;;;NOMINAL_LINE;VMP10;1;0;180;180;1;;;;;;
STD;RR01;MY-PCSTK-W;;;;;NOMINAL_LINE;VMP10;1;0;540;540;1;;;;;;
STD;RR01;MY-PLHRM-W;;;;;NOMINAL_LINE;VMP10;1;0;180;180;1;;;;;;
STD;RR01;MY-PRHDSSK-W;;;;;NOMINAL_LINE;VMP10;1;0;210;210;1;;;;;;
STD;RR01;MY-PRMPR-EM;;;;;NOMINAL_LINE;VMP10;1;0;900;900;1;;;;;;
STD;RR01;MY-PRTCRE02-W;;;;;NOMINAL_LINE;VMP10;1;0;300;300;1;;;;;;
STD;RR01;MY-PRTCRE04-W;;;;;NOMINAL_LINE;VMP10;1;0;300;300;1;;;;;;
STD;RR01;MY-RBOA-W;;;;;NOMINAL_LINE;VMP10;1;0;1080;1080;1;;;;;;
STD;RR01;MY-RBOC-W;;;;;NOMINAL_LINE;VMP10;1;0;1080;1080;1;;;;;;
STD;RR01;MY-REBEK-W;;;;;NOMINAL_LINE;VMP10;1;0;1080;1080;1;;;;;;
STD;RR01;MY-REMCDAMG-W;;;;;NOMINAL_LINE;VMP10;1;0;600;600;1;;;;;;
STD;RR01;MY-REMRBSMWN1-EM;;;;;NOMINAL_LINE;VMP10;1;0;600;600;1;;;;;;
STD;RR01;MY-REMSBRMW-EM;;;;;NOMINAL_LINE;VMP10;1;0;900;900;1;;;;;;
STD;RR01;MY-RMAHC-W;;;;;NOMINAL_LINE;VMP10;1;0;960;960;1;;;;;;
STD;RR01;MY-SRMAN1-EM;;;;;NOMINAL_LINE;VMP10;1;0;360;360;1;;;;;;
STD;RR01;MY-SRMASSE-EM;;;;;NOMINAL_LINE;VMP10;1;0;900;900;1;;;;;;
STD;RR01;MY-SRMBSS-EM;;;;;NOMINAL_LINE;VMP10;1;0;600;600;1;;;;;;
STD;RR01;MY-SRMCAB-W;;;;;NOMINAL_LINE;VMP10;1;0;600;600;1;;;;;;
STD;RR01;MY-SRMCSAE-W;;;;;NOMINAL_LINE;VMP10;1;0;600;600;1;;;;;;
STD;RR01;MY-SRMCSRO-W;;;;;NOMINAL_LINE;VMP10;1;0;600;600;1;;;;;;
STD;RR01;MY-SRMRABS-KA;;;;;NOMINAL_LINE;VMP10;1;0;360;360;1;;;;;;
STD;RR01;MY-SRMRWSIBS-W;;;;;NOMINAL_LINE;VMP10;1;0;600;600;1;;;;;;
STD;RR01;MY-SRMRWSPTEN2-W;;;;;NOMINAL_LINE;VMP10;1;0;600;600;1;;;;;;
STD;RR01;MY-SRMRWSPTEN4-W;;;;;NOMINAL_LINE;VMP10;1;0;420;420;1;;;;;;
STD;RR01;MY-SSSB45-EM;;;;;NOMINAL_LINE;VMP10;1;0;600;600;1;;;;;;
STD;RR01;MY-SSSBAT30-EM;;;;;NOMINAL_LINE;VMP10;1;0;360;360;1;;;;;;
STD;RR01;MY-SSUVSLMSN-W;;;;;NOMINAL_LINE;VMP10;1;0;360;360;1;;;;;;
STD;RR01;MY-TCR3LLF01-W;;;;;NOMINAL_LINE;VMP10;1;0;600;600;1;;;;;;
STD;RR01;MY-TCR3LLF04-W;;;;;NOMINAL_LINE;VMP10;1;0;600;600;1;;;;;;
STD;RR01;MY-TCR3LLF05-W;;;;;NOMINAL_LINE;VMP10;1;0;600;600;1;;;;;;
STD;RR01;P-CSP-W;;;;;NOMINAL_LINE;VMP10;1;0;120;120;1;;;;;;
STD;RR01;P-RD-EM;;;;;NOMINAL_LINE;VMP10;1;0;120;120;1;;;;;;
STD;RR01;P-RM-EM;;;;;NOMINAL_LINE;VMP10;1;0;120;120;1;;;;;;
STD;RR01;P-RS-EM;;;;;NOMINAL_LINE;VMP10;1;0;120;120;1;;;;;;
STD;RR03;SHAR-SM-MO;;;;;NOMINAL_LINE;VMP10;1;0;600;600;1;;;;;;
OEMNDC;RR02;BO-IPCBBC01-W5.6G;;;;;NOMINAL_LINE;;;;;;;;;;;;
OEMNDC;RR02;BO-IPCBBC02-W5.6G;;;;;NOMINAL_LINE;;;;;;;;;;;;
OEMNDC;RR02;BRUS-EBS-EM;;;;;NOMINAL_LINE;;;;;;;;;;;;
OEMNDC;RR02;CON-RPP02-MO;;;;;NOMINAL_LINE;;;;;;;;;;;;
OEMNDC;RR02;CON-RPP03-MO;;;;;NOMINAL_LINE;;;;;;;;;;;;
OEMNDC;RR02;CUS-IPMB13-W15G;;;;;NOMINAL_LINE;;;;;;;;;;;;
OEMNDC;RR02;EB-ABBL-EM1.2GR;;;;;NOMINAL_LINE;;;;;;;;;;;;
OEMNDC;RR02;EB-ABBR-EM1.2GR;;;;;NOMINAL_LINE;;;;;;;;;;;;
OEMNDC;RR02;EB-EXPMBD01-W;;;;;NOMINAL_LINE;;;;;;;;;;;;
OEMNDC;RR02;EB-EXPMBD02-W;;;;;NOMINAL_LINE;;;;;;;;;;;;
OEMNDC;RR02;EB-EXPMBD03-W;;;;;NOMINAL_LINE;;;;;;;;;;;;
OEMNDC;RR02;EL-EDPBL-EM1GR;;;;;NOMINAL_LINE;;;;;;;;;;;;
OEMNDC;RR02;EL-EDPBR-EM1GR;;;;;NOMINAL_LINE;;;;;;;;;;;;
OEMNDC;RR02;EL-EOHB-W1GR;;;;;NOMINAL_LINE;;;;;;;;;;;;
OEMNDC;RR02;EL-HBS-MO1G;;;;;NOMINAL_LINE;;;;;;;;;;;;
OEMNDC;RR02;EL-IPHPB-W1G;;;;;NOMINAL_LINE;;;;;;;;;;;;
OEMNDC;RR02;EL-PBJ-MO1,2G;;;;;NOMINAL_LINE;;;;;;;;;;;;
OEMNDC;RR02;EL-PBL-MO1,2G;;;;;NOMINAL_LINE;;;;;;;;;;;;
OEMNDC;RR02;EL-PNB-MO1,2G;;;;;NOMINAL_LINE;;;;;;;;;;;;
OEMNDC;RR02;EL-PNS-MO1.2G;;;;;NOMINAL_LINE;;;;;;;;;;;;
OEMNDC;RR02;EL-PSL-MO1.2G;;;;;NOMINAL_LINE;;;;;;;;;;;;
OEMNDC;RR02;EL-PWT-MO1,2G;;;;;NOMINAL_LINE;;;;;;;;;;;;
OEMNDC;RR02;EL-W1B-WTA;;;;;NOMINAL_LINE;;;;;;;;;;;;
OEMNDC;RR02;ES-PARR-MO;;;;;NOMINAL_LINE;;;;;;;;;;;;
OEMNDC;RR02;ES-PAUB-MO;;;;;NOMINAL_LINE;;;;;;;;;;;;
OEMNDC;RR02;FM-MBLU-EM;;;;;NOMINAL_LINE;;;;;;;;;;;;
OEMNDC;RR02;FM-MCAC-EM;;;;;NOMINAL_LINE;;;;;;;;;;;;
OEMNDC;RR02;FM-MCHAR-EM;;;;;NOMINAL_LINE;;;;;;;;;;;;
OEMNDC;RR02;FM-MGRA-EM;;;;;NOMINAL_LINE;;;;;;;;;;;;
OEMNDC;RR02;FM-MPO-EM;;;;;NOMINAL_LINE;;;;;;;;;;;;
OEMNDC;RR02;FM-MRI-EM;;;;;NOMINAL_LINE;;;;;;;;;;;;
OEMNDC;RR02;FM-MTTO-EM;;;;;NOMINAL_LINE;;;;;;;;;;;;
OEMNDC;RR02;L-CQS201-MO2G;;;;;NOMINAL_LINE;;;;;;;;;;;;
OEMNDC;RR02;L-CQS202-MO2G;;;;;NOMINAL_LINE;;;;;;;;;;;;
OEMNDC;RR02;L-CQS203-MO2G;;;;;NOMINAL_LINE;;;;;;;;;;;;
OEMNDC;RR02;L-CQS205-MO2G;;;;;NOMINAL_LINE;;;;;;;;;;;;
OEMNDC;RR02;L-CQS209-MO2G;;;;;NOMINAL_LINE;;;;;;;;;;;;
OEMNDC;RR02;L-CQS210-MO2G;;;;;NOMINAL_LINE;;;;;;;;;;;;
OEMNDC;RR02;L-CSMC101-MO2.6G;;;;;NOMINAL_LINE;;;;;;;;;;;;
OEMNDC;RR02;L-CSMC102-MO2.6G;;;;;NOMINAL_LINE;;;;;;;;;;;;
OEMNDC;RR02;L-CSMC103-MO2.6G;;;;;NOMINAL_LINE;;;;;;;;;;;;
OEMNDC;RR02;L-CSMC104-MO2.6G;;;;;NOMINAL_LINE;;;;;;;;;;;;
OEMNDC;RR02;L-CSMC105-MO2.6G;;;;;NOMINAL_LINE;;;;;;;;;;;;
OEMNDC;RR02;L-LACL01-MO0.2G;;;;;NOMINAL_LINE;;;;;;;;;;;;
OEMNDC;RR02;L-LACL02-MO0.2G;;;;;NOMINAL_LINE;;;;;;;;;;;;
OEMNDC;RR02;L-LACL05-MO0.2G;;;;;NOMINAL_LINE;;;;;;;;;;;;
OEMNDC;RR02;MA-BSE-EM;;;;;NOMINAL_LINE;;;;;;;;;;;;
OEMNDC;RR02;MA-NDSVC-W;;;;;NOMINAL_LINE;;;;;;;;;;;;
OEMNDC;RR02;PUFF-TWC-MO;;;;;NOMINAL_LINE;;;;;;;;;;;;
OEMNDC;RR02;CUS-RVPDMCN10-MO;;;;;NOMINAL_LINE;;;;;;;;;;;;
OEMNDC;RR02;CUS-RVPDMCW22-MO;;;;;NOMINAL_LINE;;;;;;;;;;;;
OEMNDC;RR02;CUS-RVPDMCN30-MO;;;;;NOMINAL_LINE;;;;;;;;;;;;
OEMNDC;RR02;CUS-RVPDMCW42-MO;;;;;NOMINAL_LINE;;;;;;;;;;;;
OEMNDC;RR02;CUS-RVPDMCN50-MO;;;;;NOMINAL_LINE;;;;;;;;;;;;
OEMNDC;RR02;CUS-RVPDMCC51-MO;;;;;NOMINAL_LINE;;;;;;;;;;;;
OEMNDC;RR02;CUS-RVPDMCC21-MO;;;;;NOMINAL_LINE;;;;;;;;;;;;
OEMNDC;RR02;CUS-RVPDMCW33-MO;;;;;NOMINAL_LINE;;;;;;;;;;;;
OEMNDC;RR02;CUS-RVPDMCW30-MO;;;;;NOMINAL_LINE;;;;;;;;;;;;
OEMNDC;RR02;CUS-RVPDMCW41-MO;;;;;NOMINAL_LINE;;;;;;;;;;;;
OEMNDC;RR02;EB-R2SEDA-MO;;;;;NOMINAL_LINE;;;;;;;;;;;;
OEMNDC;RR02;EB-R2SEDM-MO;;;;;NOMINAL_LINE;;;;;;;;;;;;
OEMNDC;RR02;ES-PEPFTG-MO;;;;;NOMINAL_LINE;;;;;;;;;;;;
OEMNDC;RR02;ES-PEP24K-MO;;;;;NOMINAL_LINE;;;;;;;;;;;;
STD;RR01;MY-RMASKEEPC-W;;;;;NOMINAL_LINE;VMP10;1;0;1440;1080;0.75;;;;;;
STD;RR01;MY-RREMEEM-W;;;;;NOMINAL_LINE;VMP10;1;0;1440;1080;0.75;;;;;;
STD;RR01;MY-RBBCEL-W;;;;;NOMINAL_LINE;VMP11;1;0;960;720;0.75;;;;;;
STD;RR01;MY-RBBCEN-W;;;;;NOMINAL_LINE;VMP11;1;0;960;720;0.75;;;;;;
STD;RR01;MY-RELESL-W;;;;;NOMINAL_LINE;VMP11;1;0;960;720;0.75;;;;;;
STD;RR01;MY-RLEMC01-W;;;;;NOMINAL_LINE;VMP12;1;0;960;720;0.75;;;;;;
STD;RR01;MY-RLEMC02-W;;;;;NOMINAL_LINE;VMP12;1;0;960;720;0.75;;;;;;
STD;RR01;MY-RLEMC04-W;;;;;NOMINAL_LINE;VMP12;1;0;960;720;0.75;;;;;;
STD;RR01;MY-RLEMC05-W;;;;;NOMINAL_LINE;VMP12;1;0;960;720;0.75;;;;;;
STD;RR01;MY-RLEMC06-W;;;;;NOMINAL_LINE;VMP12;1;0;960;720;0.75;;;;;;
STD;RR01;MY-RLEMC07-W;;;;;NOMINAL_LINE;VMP12;1;0;960;720;0.75;;;;;;
STD;RR01;MY-RLEMC08-W;;;;;NOMINAL_LINE;VMP12;1;0;960;720;0.75;;;;;;
STD;RR01;MY-RLEMC10-W;;;;;NOMINAL_LINE;VMP12;1;0;960;720;0.75;;;;;;
STD;RR01;MY-RLEMC12-W;;;;;NOMINAL_LINE;VMP12;1;0;960;720;0.75;;;;;;
STD;RR01;MY-RLEMC13-W;;;;;NOMINAL_LINE;VMP12;1;0;960;720;0.75;;;;;;
STD;RR01;MY-RLEMC14-W;;;;;NOMINAL_LINE;VMP12;1;0;960;720;0.75;;;;;;
STD;RR01;MY-RLEMC15-W;;;;;NOMINAL_LINE;VMP12;1;0;960;720;0.75;;;;;;
STD;RR01;MY-RLEMC16-W;;;;;NOMINAL_LINE;VMP12;1;0;960;720;0.75;;;;;;
STD;RR01;MY-RLEMC17-W;;;;;NOMINAL_LINE;VMP12;1;0;960;720;0.75;;;;;;
STD;RR01;MY-RLEMC18-W;;;;;NOMINAL_LINE;VMP12;1;0;960;720;0.75;;;;;;
STD;RR01;MY-RELBL-W;;;;;NOMINAL_LINE;VMP13;1;0;1440;1080;0.75;;;;;;
STD;RR01;MY-RESI-W;;;;;NOMINAL_LINE;VMP13;1;0;1440;1080;0.75;;;;;;
STD;RR01;MY-RESA-W;;;;;NOMINAL_LINE;VMP13;1;0;1440;1080;0.75;;;;;;
STD;RR01;MY-RESG-W;;;;;NOMINAL_LINE;VMP13;1;0;1440;1080;0.75;;;;;;
STD;RR01;MY-RELEOHB-W;;;;;NOMINAL_LINE;VMP13;1;0;1440;1080;0.75;;;;;;
STD;RR01;MY-RESNCPS-W;;;;;NOMINAL_LINE;VMP13;1;0;1440;1080;0.75;;;;;;
STD;RR01;MY-RFSSB-W;;;;;NOMINAL_LINE;VMP13;1;0;1440;1080;0.75;;;;;;
STD;RR01;MY-RBBCLLN2-W;;;;;NOMINAL_LINE;VMP13;1;0;960;720;0.75;;;;;;
STD;RR01;MY-RBBCLNN2-W;;;;;NOMINAL_LINE;VMP13;1;0;960;720;0.75;;;;;;
STD;RR01;MY-RREMSCMWN1-W;;;;;NOMINAL_LINE;VMP13;1;0;400;300;0.75;;;;;;
STD;RR01;MY-RHBLAHMG-W;;;;;NOMINAL_LINE;VMP15;1;0;1440;1080;0.75;;;;;;
STD;RR01;MY-RESNCCL-W;;;;;NOMINAL_LINE;VMP15;1;0;1440;1080;0.75;;;;;;
STD;RR01;MY-RMASKEEAL-W;;;;;NOMINAL_LINE;VMP15;1;0;1440;1080;0.75;;;;;;
STD;RR01;MY-RLEVCL02-W;;;;;NOMINAL_LINE;VMP15;1;0;1440;1080;0.75;;;;;;
STD;RR01;MY-RMPBNS-W;;;;;NOMINAL_LINE;VMP15;1;0;960;720;0.75;;;;;;
STD;RR01;MY-RFRELF02-W;;;;;NOMINAL_LINE;VMP15;1;0;960;720;0.75;;;;;;
STD;RR01;MY-RFRELF03-W;;;;;NOMINAL_LINE;VMP15;1;0;960;720;0.75;;;;;;
STD;RR01;MY-RFRELF04-W;;;;;NOMINAL_LINE;VMP15;1;0;960;720;0.75;;;;;;
STD;RR01;MY-RPRMIPPF-W;;;;;NOMINAL_LINE;VMP15;1;0;1440;1080;0.75;;;;;;
STD;RR01;MY-RLIPMLMP01-W;;;;;NOMINAL_LINE;VMP10;1;0;1440;1080;0.75;;;;;;
STD;RR01;MY-RLIPMLMP02-W;;;;;NOMINAL_LINE;VMP10;1;0;1440;1080;0.75;;;;;;
STD;RR01;MY-RLIPMLMP03-W;;;;;NOMINAL_LINE;VMP10;1;0;1440;1080;0.75;;;;;;
STD;RR01;MY-RLIPMLMP04-W;;;;;NOMINAL_LINE;VMP10;1;0;1440;1080;0.75;;;;;;
STD;RR01;MY-RLIPMLMP05-W;;;;;NOMINAL_LINE;VMP10;1;0;1440;1080;0.75;;;;;;
STD;RR01;MY-REBIPB3M01-W;;;;;NOMINAL_LINE;VMP10;1;0;1440;1080;0.75;;;;;;
STD;RR01;MY-REBIPB3M02-W;;;;;NOMINAL_LINE;VMP10;1;0;1440;1080;0.75;;;;;;
STD;RR01;MY-RLBEVLNH-W;;;;;NOMINAL_LINE;VMP10;1;0;1440;1080;0.75;;;;;;
STD;RR01;MY-RLBEVLNGT-W;;;;;NOMINAL_LINE;VMP10;1;0;1440;1080;0.75;;;;;;
STD;RR01;MY-RLBEVFSG-W;;;;;NOMINAL_LINE;VMP10;1;0;1440;1080;0.75;;;;;;
STD;RR01;MY-RMASKEEVE-W;;;;;NOMINAL_LINE;VMP10;1;0;1440;1080;0.75;;;;;;
STD;RR01;MY-RELIPHPB-W;;;;;NOMINAL_LINE;VMP10;1;0;1440;1080;0.75;;;;;;
STD;RR01;MY-RLIPMLMP06-W;;;;;NOMINAL_LINE;VMP10;1;0;1440;1080;0.75;;;;;;
STD;RR01;MY-RLIPMLMP07-W;;;;;NOMINAL_LINE;VMP10;1;0;1440;1080;0.75;;;;;;
STD;RR01;MY-RLIPMLMP08-W;;;;;NOMINAL_LINE;VMP10;1;0;1440;1080;0.75;;;;;;
STD;RR01;MY-RLIPMLMP09-W;;;;;NOMINAL_LINE;VMP10;1;0;1440;1080;0.75;;;;;;
STD;RR01;MY-RLBEVFSS-W;;;;;NOMINAL_LINE;VMP10;1;0;1440;1080;0.75;;;;;;
STD;RR01;MY-RBOE01-W;;;;;NOMINAL_LINE;VMP11;1;0;960;720;0.75;;;;;;
STD;RR01;MY-RBOE02-W;;;;;NOMINAL_LINE;VMP11;1;0;960;720;0.75;;;;;;
STD;RR01;MY-RESEP01-W;;;;;NOMINAL_LINE;VMP11;1;0;960;720;0.75;;;;;;
STD;RR01;MY-RESEP02-W;;;;;NOMINAL_LINE;VMP11;1;0;960;720;0.75;;;;;;
STD;RR01;MY-RFMPBPO-W;;;;;NOMINAL_LINE;VMP11;1;0;960;720;0.75;;;;;;
STD;RR01;MY-RLCVM01-W;;;;;NOMINAL_LINE;VMP11;1;0;1440;1080;0.75;;;;;;
STD;RR01;MY-RLCVM02-W;;;;;NOMINAL_LINE;VMP11;1;0;1440;1080;0.75;;;;;;
STD;RR01;MY-RLCVM03-W;;;;;NOMINAL_LINE;VMP11;1;0;1440;1080;0.75;;;;;;
STD;RR01;MY-RLCVM05-W;;;;;NOMINAL_LINE;VMP11;1;0;1440;1080;0.75;;;;;;
STD;RR01;MY-RLCVM06-W;;;;;NOMINAL_LINE;VMP11;1;0;1440;1080;0.75;;;;;;
STD;RR01;MY-RLCVM07-W;;;;;NOMINAL_LINE;VMP11;1;0;1440;1080;0.75;;;;;;
STD;RR01;MY-RLCVM08-W;;;;;NOMINAL_LINE;VMP11;1;0;1440;1080;0.75;;;;;;
STD;RR01;MY-RLCVM04-W;;;;;NOMINAL_LINE;VMP11;1;0;1440;1080;0.75;;;;;;
STD;RR01;MY-RBBCEL-W;;;;;SECONDARY_LINE;VMP16;1;0;960;720;0.75;;;;;;
STD;RR01;MY-RBBCEN-W;;;;;SECONDARY_LINE;VMP16;1;0;960;720;0.75;;;;;;
STD;RR01;MY-RELESL-W;;;;;SECONDARY_LINE;VMP16;1;0;960;720;0.75;;;;;;
STD;RR01;MY-RLEMC01-W;;;;;SECONDARY_LINE;VMP15;1;0;960;720;0.75;;;;;;
STD;RR01;MY-RLEMC02-W;;;;;SECONDARY_LINE;VMP15;1;0;960;720;0.75;;;;;;
STD;RR01;MY-RLEMC04-W;;;;;SECONDARY_LINE;VMP15;1;0;960;720;0.75;;;;;;
STD;RR01;MY-RLEMC05-W;;;;;SECONDARY_LINE;VMP15;1;0;960;720;0.75;;;;;;
STD;RR01;MY-RLEMC06-W;;;;;SECONDARY_LINE;VMP15;1;0;960;720;0.75;;;;;;
STD;RR01;MY-RLEMC07-W;;;;;SECONDARY_LINE;VMP15;1;0;960;720;0.75;;;;;;
STD;RR01;MY-RLEMC08-W;;;;;SECONDARY_LINE;VMP15;1;0;960;720;0.75;;;;;;
STD;RR01;MY-RLEMC10-W;;;;;SECONDARY_LINE;VMP15;1;0;960;720;0.75;;;;;;
STD;RR01;MY-RLEMC12-W;;;;;SECONDARY_LINE;VMP15;1;0;960;720;0.75;;;;;;
STD;RR01;MY-RLEMC13-W;;;;;SECONDARY_LINE;VMP15;1;0;960;720;0.75;;;;;;
STD;RR01;MY-RLEMC14-W;;;;;SECONDARY_LINE;VMP15;1;0;960;720;0.75;;;;;;
STD;RR01;MY-RLEMC15-W;;;;;SECONDARY_LINE;VMP15;1;0;960;720;0.75;;;;;;
STD;RR01;MY-RLEMC16-W;;;;;SECONDARY_LINE;VMP15;1;0;960;720;0.75;;;;;;
STD;RR01;MY-RLEMC17-W;;;;;SECONDARY_LINE;VMP15;1;0;960;720;0.75;;;;;;
STD;RR01;MY-RLEMC18-W;;;;;SECONDARY_LINE;VMP15;1;0;960;720;0.75;;;;;;
STD;RR01;MY-RBOE01-W;;;;;SECONDARY_LINE;VMP15;1;0;960;720;0.75;;;;;;
STD;RR01;MY-RBOE02-W;;;;;SECONDARY_LINE;VMP15;1;0;960;720;0.75;;;;;;
STD;RR01;MY-RESEP01-W;;;;;SECONDARY_LINE;VMP15;1;0;960;720;0.75;;;;;;
STD;RR01;MY-RESEP02-W;;;;;SECONDARY_LINE;VMP15;1;0;960;720;0.75;;;;;;
STD;RR01;MY-RFMPBPO-W;;;;;SECONDARY_LINE;VMP15;1;0;960;720;0.75;;;;;;
STD;RR01;MY-RLCVM01-W;;;;;SECONDARY_LINE;VMP15;1;0;1440;1080;0.75;;;;;;
STD;RR01;MY-RLCVM02-W;;;;;SECONDARY_LINE;VMP15;1;0;1440;1080;0.75;;;;;;
STD;RR01;MY-RLCVM03-W;;;;;SECONDARY_LINE;VMP15;1;0;1440;1080;0.75;;;;;;
STD;RR01;MY-RLCVM05-W;;;;;SECONDARY_LINE;VMP15;1;0;1440;1080;0.75;;;;;;
STD;RR01;MY-RLCVM06-W;;;;;SECONDARY_LINE;VMP15;1;0;1440;1080;0.75;;;;;;
STD;RR01;MY-RLCVM07-W;;;;;SECONDARY_LINE;VMP15;1;0;1440;1080;0.75;;;;;;
STD;RR01;MY-RLCVM08-W;;;;;SECONDARY_LINE;VMP15;1;0;1440;1080;0.75;;;;;;
STD;RR01;MY-RLCVM04-W;;;;;SECONDARY_LINE;VMP15;1;0;1440;1080;0.75;;;;;;
STD;RR01;MY-CONLBBL01-W;;;;;NOMINAL_LINE;VMP10;1;0;720;720;1;;;;;;
STD;RR01;MY-CONLBBL02-W;;;;;NOMINAL_LINE;VMP10;1;0;720;720;1;;;;;;
STD;RR01;MY-REMLOIMWN2-W;;;;;NOMINAL_LINE;VMP10;1;0;600;600;1;;;;;;
STD;RR01;MY-CONLBBL01-W;;;;;SECONDARY_LINE;VMP11;1;0;720;720;1;;;;;;
STD;RR01;MY-CONLBBL02-W;;;;;SECONDARY_LINE;VMP11;1;0;720;720;1;;;;;;
STD;RR01;MY-REMLOIMWN2-W;;;;;SECONDARY_LINE;VMP11;1;0;600;600;1;;;;;;
STD;RR01;MY-CONLBBL01-W;;;;;SECONDARY_LINE;VMP12;1;0;720;720;1;;;;;;
STD;RR01;MY-CONLBBL02-W;;;;;SECONDARY_LINE;VMP12;1;0;720;720;1;;;;;;
STD;RR01;MY-REMLOIMWN2-W;;;;;SECONDARY_LINE;VMP12;1;0;600;600;1;;;;;;
STD;RR01;MY-CONLBBL01-W;;;;;SECONDARY_LINE;VMP13;1;0;720;720;1;;;;;;
STD;RR01;MY-CONLBBL02-W;;;;;SECONDARY_LINE;VMP13;1;0;720;720;1;;;;;;
STD;RR01;MY-REMLOIMWN2-W;;;;;SECONDARY_LINE;VMP13;1;0;600;600;1;;;;;;
STD;RR01;MY-CONLBBL01-W;;;;;SECONDARY_LINE;VMP15;1;0;720;720;1;;;;;;
STD;RR01;MY-CONLBBL02-W;;;;;SECONDARY_LINE;VMP15;1;0;720;720;1;;;;;;
STD;RR01;MY-REMLOIMWN2-W;;;;;SECONDARY_LINE;VMP15;1;0;600;600;1;;;;;;
STD;RR01;MY-CONLBBL01-W;;;;;SECONDARY_LINE;VMP15;1;0;720;720;1;;;;;;
STD;RR01;MY-CONLBBL02-W;;;;;SECONDARY_LINE;VMP15;1;0;720;720;1;;;;;;
STD;RR01;MY-REMLOIMWN2-W;;;;;SECONDARY_LINE;VMP15;1;0;600;600;1;;;;;;
STD;RR01;MY-CONLBBL01-W;;;;;SECONDARY_LINE;VMP16;1;0;720;720;1;;;;;;
STD;RR01;MY-CONLBBL02-W;;;;;SECONDARY_LINE;VMP16;1;0;720;720;1;;;;;;
STD;RR01;MY-REMLOIMWN2-W;;;;;SECONDARY_LINE;VMP16;1;0;600;600;1;;;;;;
STD;RR01;MY-BOCLPPCCC-EM;;;;;NOMINAL_LINE;VMP15;1;0;600;600;1;;;;;;
STD;RR01;MY-BRUSEBS-EM;;;;;NOMINAL_LINE;VMP15;1;0;600;600;1;;;;;;
STD;RR01;MY-BSFLP-EM;;;;;NOMINAL_LINE;VMP15;1;0;600;600;1;;;;;;
STD;RR01;MY-BRBMLP01-EM;;;;;NOMINAL_LINE;VMP15;1;0;600;600;1;;;;;;
STD;RR01;MY-BRBMLP02-EM;;;;;NOMINAL_LINE;VMP15;1;0;600;600;1;;;;;;
STD;RR01;MY-BRBMLP03-EM;;;;;NOMINAL_LINE;VMP13;1;0;600;600;1;;;;;;
STD;RR01;MY-MALESM-W;;;;;NOMINAL_LINE;VMP10;1;0;600;600;1;;;;;;
STD;RR01;MY-RMASKEEPC-W;;;;;SECONDARY_LINE;VMP16;1;0;1440;1080;0.75;;;;;;
STD;RR01;MY-RREMEEM-W;;;;;SECONDARY_LINE;VMP16;1;0;1440;1080;0.75;;;;;;
STD;RR01;MY-RBBCEL-W;;;;;SECONDARY_LINE;VMP12;1;0;960;720;0.75;;;;;;
STD;RR01;MY-RBBCEN-W;;;;;SECONDARY_LINE;VMP12;1;0;960;720;0.75;;;;;;
STD;RR01;MY-RELESL-W;;;;;SECONDARY_LINE;VMP12;1;0;960;720;0.75;;;;;;
STD;RR01;MY-RELBL-W;;;;;SECONDARY_LINE;VMP16;1;0;1440;1080;0.75;;;;;;
STD;RR01;MY-RESI-W;;;;;SECONDARY_LINE;VMP16;1;0;1440;1080;0.75;;;;;;
STD;RR01;MY-RESA-W;;;;;SECONDARY_LINE;VMP16;1;0;1440;1080;0.75;;;;;;
STD;RR01;MY-RESG-W;;;;;SECONDARY_LINE;VMP16;1;0;1440;1080;0.75;;;;;;
STD;RR01;MY-RELEOHB-W;;;;;SECONDARY_LINE;VMP16;1;0;1440;1080;0.75;;;;;;
STD;RR01;MY-RESNCPS-W;;;;;SECONDARY_LINE;VMP16;1;0;1440;1080;0.75;;;;;;
STD;RR01;MY-RFSSB-W;;;;;SECONDARY_LINE;VMP16;1;0;1440;1080;0.75;;;;;;
STD;RR01;MY-RBBCLLN2-W;;;;;SECONDARY_LINE;VMP16;1;0;960;720;0.75;;;;;;
STD;RR01;MY-RBBCLNN2-W;;;;;SECONDARY_LINE;VMP16;1;0;960;720;0.75;;;;;;
STD;RR01;MY-RREMSCMWN1-W;;;;;SECONDARY_LINE;VMP16;1;0;400;300;0.75;;;;;;
STD;RR01;MY-RHBLAHMG-W;;;;;SECONDARY_LINE;VMP12;1;0;1440;1080;0.75;;;;;;
STD;RR01;MY-RESNCCL-W;;;;;SECONDARY_LINE;VMP12;1;0;1440;1080;0.75;;;;;;
STD;RR01;MY-RMASKEEAL-W;;;;;SECONDARY_LINE;VMP12;1;0;1440;1080;0.75;;;;;;
STD;RR01;MY-RLEVCL02-W;;;;;SECONDARY_LINE;VMP12;1;0;1440;1080;0.75;;;;;;
STD;RR01;MY-RMPBNS-W;;;;;SECONDARY_LINE;VMP12;1;0;960;720;0.75;;;;;;
STD;RR01;MY-RFRELF02-W;;;;;SECONDARY_LINE;VMP12;1;0;960;720;0.75;;;;;;
STD;RR01;MY-RFRELF03-W;;;;;SECONDARY_LINE;VMP12;1;0;960;720;0.75;;;;;;
STD;RR01;MY-RFRELF04-W;;;;;SECONDARY_LINE;VMP12;1;0;960;720;0.75;;;;;;
STD;RR01;MY-RPRMIPPF-W;;;;;SECONDARY_LINE;VMP12;1;0;1440;1080;0.75;;;;;;
STD;RR01;MY-RLIPMLMP01-W;;;;;SECONDARY_LINE;VMP15;1;0;1440;1080;0.75;;;;;;
STD;RR01;MY-RLIPMLMP02-W;;;;;SECONDARY_LINE;VMP15;1;0;1440;1080;0.75;;;;;;
STD;RR01;MY-RLIPMLMP03-W;;;;;SECONDARY_LINE;VMP15;1;0;1440;1080;0.75;;;;;;
STD;RR01;MY-RLIPMLMP04-W;;;;;SECONDARY_LINE;VMP15;1;0;1440;1080;0.75;;;;;;
STD;RR01;MY-RLIPMLMP05-W;;;;;SECONDARY_LINE;VMP15;1;0;1440;1080;0.75;;;;;;
STD;RR01;MY-REBIPB3M01-W;;;;;SECONDARY_LINE;VMP15;1;0;1440;1080;0.75;;;;;;
STD;RR01;MY-REBIPB3M02-W;;;;;SECONDARY_LINE;VMP15;1;0;1440;1080;0.75;;;;;;
STD;RR01;MY-RLBEVLNH-W;;;;;SECONDARY_LINE;VMP15;1;0;1440;1080;0.75;;;;;;
STD;RR01;MY-RLBEVLNGT-W;;;;;SECONDARY_LINE;VMP15;1;0;1440;1080;0.75;;;;;;
STD;RR01;MY-RLBEVFSG-W;;;;;SECONDARY_LINE;VMP15;1;0;1440;1080;0.75;;;;;;
STD;RR01;MY-RMASKEEVE-W;;;;;SECONDARY_LINE;VMP15;1;0;1440;1080;0.75;;;;;;
STD;RR01;MY-RELIPHPB-W;;;;;SECONDARY_LINE;VMP15;1;0;1440;1080;0.75;;;;;;
STD;RR01;MY-RLIPMLMP06-W;;;;;SECONDARY_LINE;VMP15;1;0;1440;1080;0.75;;;;;;
STD;RR01;MY-RLIPMLMP07-W;;;;;SECONDARY_LINE;VMP15;1;0;1440;1080;0.75;;;;;;
STD;RR01;MY-RLIPMLMP08-W;;;;;SECONDARY_LINE;VMP15;1;0;1440;1080;0.75;;;;;;
STD;RR01;MY-RLIPMLMP09-W;;;;;SECONDARY_LINE;VMP15;1;0;1440;1080;0.75;;;;;;
STD;RR01;MY-RLBEVFSS-W;;;;;SECONDARY_LINE;VMP15;1;0;1440;1080;0.75;;;;;;
STD;RR01;MY-RBOE01-W;;;;;SECONDARY_LINE;VMP13;1;0;960;720;0.75;;;;;;
STD;RR01;MY-RBOE02-W;;;;;SECONDARY_LINE;VMP13;1;0;960;720;0.75;;;;;;
STD;RR01;MY-RESEP01-W;;;;;SECONDARY_LINE;VMP13;1;0;960;720;0.75;;;;;;
STD;RR01;MY-RESEP02-W;;;;;SECONDARY_LINE;VMP13;1;0;960;720;0.75;;;;;;
STD;RR01;MY-RFMPBPO-W;;;;;SECONDARY_LINE;VMP13;1;0;960;720;0.75;;;;;;
STD;RR01;MY-RLCVM01-W;;;;;SECONDARY_LINE;VMP13;1;0;1440;1080;0.75;;;;;;
STD;RR01;MY-RLCVM02-W;;;;;SECONDARY_LINE;VMP13;1;0;1440;1080;0.75;;;;;;
STD;RR01;MY-RLCVM03-W;;;;;SECONDARY_LINE;VMP13;1;0;1440;1080;0.75;;;;;;
STD;RR01;MY-RLCVM05-W;;;;;SECONDARY_LINE;VMP13;1;0;1440;1080;0.75;;;;;;
STD;RR01;MY-RLCVM06-W;;;;;SECONDARY_LINE;VMP13;1;0;1440;1080;0.75;;;;;;
STD;RR01;MY-RLCVM07-W;;;;;SECONDARY_LINE;VMP13;1;0;1440;1080;0.75;;;;;;
STD;RR01;MY-RLCVM08-W;;;;;SECONDARY_LINE;VMP13;1;0;1440;1080;0.75;;;;;;
STD;RR01;MY-RLCVM04-W;;;;;SECONDARY_LINE;VMP13;1;0;1440;1080;0.75;;;;;;
STD;RR01;MY-RBBCEL-W;;;;;SECONDARY_LINE;VMP10;1;0;960;720;0.75;;;;;;
STD;RR01;MY-RBBCEN-W;;;;;SECONDARY_LINE;VMP10;1;0;960;720;0.75;;;;;;
STD;RR01;MY-RELESL-W;;;;;SECONDARY_LINE;VMP10;1;0;960;720;0.75;;;;;;
STD;RR01;MY-RBOE01-W;;;;;SECONDARY_LINE;VMP12;1;0;960;720;0.75;;;;;;
STD;RR01;MY-RBOE02-W;;;;;SECONDARY_LINE;VMP12;1;0;960;720;0.75;;;;;;
STD;RR01;MY-RESEP01-W;;;;;SECONDARY_LINE;VMP12;1;0;960;720;0.75;;;;;;
STD;RR01;MY-RESEP02-W;;;;;SECONDARY_LINE;VMP12;1;0;960;720;0.75;;;;;;
STD;RR01;MY-RFMPBPO-W;;;;;SECONDARY_LINE;VMP12;1;0;960;720;0.75;;;;;;
STD;RR01;MY-RLCVM01-W;;;;;SECONDARY_LINE;VMP15;1;0;1440;1080;0.75;;;;;;
STD;RR01;MY-RLCVM02-W;;;;;SECONDARY_LINE;VMP15;1;0;1440;1080;0.75;;;;;;
STD;RR01;MY-RLCVM03-W;;;;;SECONDARY_LINE;VMP15;1;0;1440;1080;0.75;;;;;;
STD;RR01;MY-RLCVM05-W;;;;;SECONDARY_LINE;VMP15;1;0;1440;1080;0.75;;;;;;
STD;RR01;MY-RLCVM06-W;;;;;SECONDARY_LINE;VMP15;1;0;1440;1080;0.75;;;;;;
STD;RR01;MY-RLCVM07-W;;;;;SECONDARY_LINE;VMP15;1;0;1440;1080;0.75;;;;;;
STD;RR01;MY-RLCVM08-W;;;;;SECONDARY_LINE;VMP15;1;0;1440;1080;0.75;;;;;;
STD;RR01;MY-RLCVM04-W;;;;;SECONDARY_LINE;VMP15;1;0;1440;1080;0.75;;;;;;
STD;RR01;MY-TWCCLFTA-W;;;;;NOMINAL_LINE;VMP11;1;0;600;600;1;;;;;;
STD;RR01;MY-TWCCLFTB-W;;;;;NOMINAL_LINE;VMP11;1;0;600;600;1;;;;;;
STD;RR01;MY-TWCCLFTC-W;;;;;NOMINAL_LINE;VMP11;1;0;600;600;1;;;;;;
STD;RR01;MY-TWCCLFTD-W;;;;;NOMINAL_LINE;VMP11;1;0;600;600;1;;;;;;
STD;RR01;MY-TWCCLFTE-W;;;;;NOMINAL_LINE;VMP11;1;0;600;600;1;;;;;;
STD;RR01;MY-TWCCLFTF-W;;;;;NOMINAL_LINE;VMP11;1;0;600;600;1;;;;;;
STD;RR01;MY-TWCCLFTG-W;;;;;NOMINAL_LINE;VMP11;1;0;600;600;1;;;;;;
STD;RR01;MY-TWCCLFTH-W;;;;;NOMINAL_LINE;VMP11;1;0;600;600;1;;;;;;
STD;RR01;MY-TWCCLFTA-W;;;;;SECONDARY_LINE;VMP16;1;0;600;600;1;;;;;;
STD;RR01;MY-TWCCLFTB-W;;;;;SECONDARY_LINE;VMP16;1;0;600;600;1;;;;;;
STD;RR01;MY-TWCCLFTC-W;;;;;SECONDARY_LINE;VMP16;1;0;600;600;1;;;;;;
STD;RR01;MY-TWCCLFTD-W;;;;;SECONDARY_LINE;VMP16;1;0;600;600;1;;;;;;
STD;RR01;MY-TWCCLFTE-W;;;;;SECONDARY_LINE;VMP16;1;0;600;600;1;;;;;;
STD;RR01;MY-TWCCLFTF-W;;;;;SECONDARY_LINE;VMP16;1;0;600;600;1;;;;;;
STD;RR01;MY-TWCCLFTG-W;;;;;SECONDARY_LINE;VMP16;1;0;600;600;1;;;;;;
STD;RR01;MY-TWCCLFTH-W;;;;;SECONDARY_LINE;VMP16;1;0;600;600;1;;;;;;
STD;RR01;MY-TWCCLFTA-W;;;;;SECONDARY_LINE;VMP13;1;0;600;600;1;;;;;;
STD;RR01;MY-TWCCLFTB-W;;;;;SECONDARY_LINE;VMP13;1;0;600;600;1;;;;;;
STD;RR01;MY-TWCCLFTC-W;;;;;SECONDARY_LINE;VMP13;1;0;600;600;1;;;;;;
STD;RR01;MY-TWCCLFTD-W;;;;;SECONDARY_LINE;VMP13;1;0;600;600;1;;;;;;
STD;RR01;MY-TWCCLFTE-W;;;;;SECONDARY_LINE;VMP13;1;0;600;600;1;;;;;;
STD;RR01;MY-TWCCLFTF-W;;;;;SECONDARY_LINE;VMP13;1;0;600;600;1;;;;;;
STD;RR01;MY-TWCCLFTG-W;;;;;SECONDARY_LINE;VMP13;1;0;600;600;1;;;;;;
STD;RR01;MY-TWCCLFTH-W;;;;;SECONDARY_LINE;VMP13;1;0;600;600;1;;;;;;
STD;RR01;MY-RLEMC03-W;;;;;NOMINAL_LINE;VMP11;1;0;600;600;1;;;;;;
STD;RR01;MY-RLEMC09-W;;;;;NOMINAL_LINE;VMP11;1;0;600;600;1;;;;;;
STD;RR01;MY-RLEMC11-W;;;;;NOMINAL_LINE;VMP11;1;0;600;600;1;;;;;;
STD;RR01;MY-RFRELF01-W;;;;;NOMINAL_LINE;VMP11;1;0;600;600;1;;;;;;
STD;RR01;MY-RLEMC03-W;;;;;SECONDARY_LINE;VMP16;1;0;600;600;1;;;;;;
STD;RR01;MY-RLEMC09-W;;;;;SECONDARY_LINE;VMP16;1;0;600;600;1;;;;;;
STD;RR01;MY-RLEMC11-W;;;;;SECONDARY_LINE;VMP16;1;0;600;600;1;;;;;;
STD;RR01;MY-RFRELF01-W;;;;;SECONDARY_LINE;VMP16;1;0;600;600;1;;;;;;
STD;RR01;MY-RLEVCL01-W;;;;;NOMINAL_LINE;VMP12;1;0;600;600;1;;;;;;
STD;RR01;MY-RLEVCL03-W;;;;;NOMINAL_LINE;VMP13;1;0;600;600;1;;;;;;
STD;RR01;MY-RLEVCL01-W;;;;;NOMINAL_LINE;VMP15;1;0;600;600;1;;;;;;
STD;RR01;MY-RLEVCL03-W;;;;;NOMINAL_LINE;VMP12;1;0;600;600;1;;;;;;
STD;RR01;MY-CONSMULCC-EM;;;;;NOMINAL_LINE;VMP11;1;0;600;600;1;;;;;;
STD;RR01;MY-MCDMM-W;;;;;NOMINAL_LINE;VMP15;1;0;600;600;1;;;;;;
STD;RR01;MY-RFWSB-W;;;;;NOMINAL_LINE;VMP10;1;0;600;600;1;;;;;;
STD;RR01;MY-RCUSEFC02-W;;;;;NOMINAL_LINE;VMP10;1;0;600;600;1;;;;;;
STD;RR01;MY-RCUSEFC03-W;;;;;NOMINAL_LINE;VMP10;1;0;600;600;1;;;;;;
STD;RR01;MY-RCUSEFC04-W;;;;;NOMINAL_LINE;VMP10;1;0;600;600;1;;;;;;
STD;RR01;MY-RAASTG-W;;;;;NOMINAL_LINE;VMP10;1;0;600;600;1;;;;;;
STD;RR01;MY-RDDCCDL-W;;;;;NOMINAL_LINE;VMP10;1;0;600;600;1;;;;;;
STD;RR01;MY-RDDCCDN-W;;;;;NOMINAL_LINE;VMP10;1;0;600;600;1;;;;;;
STD;RR01;MY-RCUSEFC01-W;;;;;NOMINAL_LINE;VMP10;1;0;600;600;1;;;;;;
STD;RR01;MY-RFRELF05-W;;;;;NOMINAL_LINE;VMP10;1;0;600;600;1;;;;;;
STD;RR01;MY-RFWAH-W;;;;;NOMINAL_LINE;VMP10;1;0;300;300;1;;;;;;
OEMNDC;RR02;EB-IPEM01-W;;;;;NOMINAL_LINE;;;;;;;;;;;;
OEMNDC;RR02;EB-IPEM02-W;;;;;NOMINAL_LINE;;;;;;;;;;;;
OEMNDC;RR02;EB-REPBL-W;;;;;NOMINAL_LINE;;;;;;;;;;;;
OEMNDC;RR02;EB-REPBR-W;;;;;NOMINAL_LINE;;;;;;;;;;;;
STD;RR01;MY-BRORNBO-KA;;;;;NOMINAL_LINE;VMP10;1;0;600;600;1;;;;;;
STD;RR01;MY-FTNDATE-W;;;;;NOMINAL_LINE;VMP10;1;0;600;600;1;;;;;;
STD;RR01;MY-SRMRAGIS-W;;;;;NOMINAL_LINE;VMP10;1;0;300;300;1;;;;;;
