"#","Schedule Due","Kode SL","Snfg","Nama Fg","Jumlah Pcs","Qty Release","Qty Not Hit","Type","Remark","Level 1","Level 2","Level 3","Actions"
"1","2022-07-18","RT1 ","TC-R3LLF02-W/H0048","Wardah Lightening Powder Foundation Light Feel 02 Golden Beige 12 g","7272","6721","551","NI","(not set)","(not set)","(not set)","(not set)",""
"2","2022-07-18","LQ1 ","MASK-EEVE-W7GR/H0019","Wardah EyeXpert The Volume Expert Mascara 7 gr (Pc(s))","27120","25880","1240","NI","(not set)","(not set)","(not set)","(not set)",""
"3","2022-07-18","ADL1 ","M-AN1-EM/H0006","Emina Natura Pal Gel Moisturizer 20 ml","8627","8388","239","NI","(not set)","(not set)","(not set)","(not set)",""
"4","2022-07-18","ABD1 ","L-CUMKORC-W/H0016","Wardah Colorfit Ultralight Matte Lipstick 11 Sunkissed Jeju 3.6 g","4752","4440","312","NI","(not set)","(not set)","(not set)","(not set)",""
"5","2022-07-18","RV3 ","TC-R3LLF04-W/H0035","Wardah Lightening Powder Foundation Light Feel 04 Natural 12 g","7488","7197","291","NI","(not set)","(not set)","(not set)","(not set)",""
"6","2022-07-18","LK1 ","L-EMC10-W4GR/H0003","Wardah Exclusive Matte Lip Cream 10 Berry Pretty 4 gr (Pc(s))","10368","10079","289","NI","(not set)","(not set)","(not set)","(not set)",""
"7","2022-07-18","GC1 ","CB-P1G-P240/H0002","Putri Natural Creambath Ginseng 240 ML (Pc(s))","1128","792","336","NI","(not set)","(not set)","(not set)","(not set)",""
"8","2022-07-18","MP1 ","F-RELF03-W/H0004","Wardah Exclusive Liquid Foundation 03 Sandy Beige 20 ml","22512","21896","616","NI","(not set)","(not set)","(not set)","(not set)",""
"9","2022-07-18","UN1 ","EB-IPB3M01-W5.5G/H0005","Wardah Instaperfect BROWFESSIONAL 3D Brow Mascara 01. BROWN 5.5 g","2456","2419","37","NI","(not set)","(not set)","(not set)","(not set)",""
"10","2022-07-18","WV5 ","FT-LFT-W/H0062","Wardah Lightening Face Toner 125 ml","23640","22632","1008","NI","(not set)","(not set)","(not set)","(not set)",""
"11","2022-07-18","AB3 ","ES-W0I-W3,3GR/H0016","Wardah Eye Shadow I 3,3 gr (pc(s))","9480","8107","1373","NI","(not set)","(not set)","(not set)","(not set)",""
"12","2022-07-18","VN1 ","TC-RRE02-W/H0042","Wardah Refill Exclusive Two Way Cake 02 Light Beige 12 g","7425","7198","227","NI","(not set)","(not set)","(not set)","(not set)",""
"13","2022-07-18","QP6 ","ES-W1G-W3,3GR/H0012","Wardah Eye Shadow G 3,3 gr (pc(s))","1800","1737","63","NI","(not set)","(not set)","(not set)","(not set)",""
"14","2022-07-18","UZ1 ","L-CSGC104-MO/H0008","MAKE OVER Color Stick Gloss Crayon 104 Chloe 3 g","180","159","21","NI","(not set)","(not set)","(not set)","(not set)",""
"15","2022-07-18","RS2 ","TC-R3LLF01-W/H0035","Wardah Lightening Powder Foundation Light Feel 01 Light Beige 12 g","7488","7389","99","NI","(not set)","(not set)","(not set)","(not set)",""
"16","2022-07-18","ZI1 ","FW-LWFN1-W/H0019","Wardah Lightening Whip Facial Foam 50 ml","18500","18050","450","NI","(not set)","(not set)","(not set)","(not set)",""
"17","2022-07-18","AAQ1 ","L-HSLWE-MO/H0009","Make Over Hydrastay Smooth Lip Whip C05 Swift 6.5 g","504","489","15","NI","(not set)","(not set)","(not set)","(not set)",""
"18","2022-07-18","VM1 ","TC-RRE01-W/H0018","Wardah Refill Exclusive Two Way Cake 01 Sheer Pink 12 g","7515","7297","218","NI","(not set)","(not set)","(not set)","(not set)",""
"19","2022-07-18","LL1 ","L-EMC11-W4GR/H0008","Wardah Exclusive Matte Lip Cream 11 Oh So Nude 4 gr (Pc(s))","10368","10272","96","NI","(not set)","(not set)","(not set)","(not set)",""
"20","2022-07-18","aza1 ","MY-FWPCSAC-KA/H0003","Malaysia Kahf Oil and Acne Care Face Wash 100 ml","9508","8790","718","NI","(not set)","(not set)","(not set)","(not set)",""
"21","2022-07-18","RS1 ","TC-R3LLF01-W/H0034","Wardah Lightening Powder Foundation Light Feel 01 Light Beige 12 g","7488","7338","150","NI","(not set)","(not set)","(not set)","(not set)",""
"22","2022-07-18","AFM1 ","F-EVLLF03-W/H0006","Wardah Everyday Luminous Liquid Foundation – 03 Beige 35 ml","26136","24732","1404","NI","(not set)","(not set)","(not set)","(not set)",""
"23","2022-07-18","QF1 ","FM-RLN2-W/H0011","Wardah Lightening Blue Clay Mask 50 g","19049","18900","149","NI","(not set)","(not set)","(not set)","(not set)",""
"24","2022-07-18","akd1 ","HBW-ETBWAN2-W/H0001","Earth Love Life East Balinese Bamboo &amp; Oriental Mint Body Wash 450 ml","2907","1833","1074","NI","(not set)","(not set)","(not set)","(not set)",""
"25","2022-07-18","RS3 ","TC-R3LLF01-W/H0036","Wardah Lightening Powder Foundation Light Feel 01 Light Beige 12 g","7488","7006","482","NI","(not set)","(not set)","(not set)","(not set)",""
"26","2022-07-18","PY1 ","M-RWSDCN2-W/H0009","Wardah Crystal Secret Brightening Day Cream 30 g","31858","31080","778","NI","(not set)","(not set)","(not set)","(not set)",""
"27","2022-07-18","ayz1 ","MY-FWPCSRB-KA/H0003","Malaysia Kahf Skin Energizing and Brightening Face Wash 100 ml","9360","8835","525","NI","(not set)","(not set)","(not set)","(not set)",""
"28","2022-07-18","(not set)","F-RELF04-W/BSH0004","Wardah Exclusive Liquid Foundation 04 Natural 20 ml","6888","5544","1344","NI","(not set)","(not set)","(not set)","(not set)",""
"29","2022-07-18","bi1 ","FW-PCSAC-KA/H0096","Kahf Oil and Acne Care Face Wash 100 ml","9508","8805","703","NI","(not set)","(not set)","(not set)","(not set)",""
"30","2022-07-17","YZ2 ","L-CUM04-W/H0012","Wardah Colorfit Ultralight Matte Lipstick 04 Mocca Brown 3.6 g","4752","4555","197","NI","Bulk habis","Loss MPQ","Bulk habis","Hilang karena proses",""
"31","2022-07-17","CB1 ","L-CUMKORA-W/H0005","Wardah Colorfit Ultralight Matte Lipstick 09 Romantic Namsan 3.6 g","4752","4236","516","NI","Bulk habis","Loss MPQ","Bulk habis","Hilang karena proses",""
"32","2022-07-17","VX1 ","L-REMA17-W/H0013","Wardah Exclusive Matte Lipstick 17 Gorgeous Pink 3.5 g","1065","1044","21","NI","Bulk habis","Loss MPQ","Bulk habis","Hilang karena proses",""
"33","2022-07-17","RK2 ","L-CM11-EM5.5GR/H0019","Emina Creamatte 11 Amazeballs 5.5 gr","2304","","2304","NH,NI","(not set)","(not set)","(not set)","(not set)",""
"34","2022-07-17","AAT1 ","L-HSLWK-MO/H0012","Make Over Hydrastay Smooth Lip Whip C11 Suave 6.5 g","504","476","28","NI","Bulk habis","Loss MPQ","Bulk habis","Hilang karena proses",""
"35","2022-07-16","tm5","HBW-BWN2A-BD/BSH0005","Biodef Natural Protection Mint + Sea Salt Body Wash Antiseptik Alami Pouch 400 ml","168","144","24","NI","BULK HABIS","Loss MPQ","Bulk habis","Hilang karena proses",""
"36","2022-07-16","aca1 ","FT-FTVC-OMG/H0030","OMG Oh My Glow Peach Glowing Toner 100 ml","9648","9596","52","NI","BULK HABIS","Loss MPQ","Bulk habis","Hilang karena proses",""
"37","2022-07-16","WF1 ","L-REMA01-W/H0011","Wardah Exclusive Matte Lipstick 01 Pink 3.5 g","1065","1025","40","NI","Bulk habis","Loss MPQ","Bulk habis","Hilang karena proses",""
"38","2022-07-16","ADV3 ","FW-FW01-KA/H0072","Kahf Gentle Exfoliating Face Scrub 100 ml","9120","8910","210","NI","BULK HABIS","Loss MPQ","Bulk habis","Hilang karena proses",""
"39","2022-07-16","UA1 ","L-IPMMS04-W3.5G/H0003","Wardah Instaperfect MATTETITUDE Matte Stain Lipstick 04. BUZZ 3.5 g","648","635","13","NI","Bulk habis","Loss MPQ","Bulk habis","Hilang karena proses",""
"40","2022-07-16","LE1 ","M-BSTUC-EM/H0021","Emina Bright Stuff Tone Up Cream 20 ml","44446","25920","18526","NI","(not set)","(not set)","(not set)","(not set)",""
"41","2022-07-16","SB2 ","A-PRT-W100ML/H0030","Wardah Acnederm Pore Refining Toner 100 ml (Pc(s))","7929","7800","129","NI","BULK HABIS","Loss MPQ","Bulk habis","Hilang karena proses",""
"42","2022-07-16","ln1","EB-DMCL-MO/H0004","MAKE OVER Powerstay Brow Definer Mascara 02 Chocolate 6.5 g","5904","5832","72","NI","BULK HABIS","Loss MPQ","Bulk habis","Hilang karena proses",""
"43","2022-07-16","AAY1 ","L-HSLWD-MO/H0010","Make Over Hydrastay Smooth Lip Whip C04 Real 6.5 g","504","480","24","NI","Bulk habis","Loss MPQ","Bulk habis","Hilang karena proses",""
"44","2022-07-16","se1 ","TC-RR3LLF06-W/H0016","Wardah Refill Lightening Powder Foundation Light Feel 06 Ivory 12 g","4464","4352","112","NI","di close karena bulk habis","Loss MPQ","Bulk habis","Hilang karena proses",""
"45","2022-07-16","rw1 ","L-GS02-EM/BSH0001","Emina Glossy Stain 02 Apple Shower 3 g","5280","4800","480","NI","BULK HABIS","Loss MPQ","Bulk habis","Hilang karena proses",""
"46","2022-07-16","ff2","BP-HREDT-KA/BSH0002","Kahf Humbling Forest Eau de Toilette 35 ml","1144","1056","88","NI","BULK HABIS","Loss MPQ","Bulk habis","Hilang karena proses",""
"47","2022-07-16","ZP1 ","L-CVM013-W/H0020","Wardah Colorfit Velvet Matte Lip Mousse 13 Sweet Cinnamon 4 g","18084","17664","420","NI","Bulk habis","Loss MPQ","Bulk habis","Hilang karena proses",""
"48","2022-07-16","HJ1 ","TC-W3RELLB1-W12G/H0015","Wardah Refill Evd Lum Two Way Cake 01 Light Beige 12 g (Pc(s))","7344","7302","42","NI","Di close karena bulk habis","Loss MPQ","Bulk habis","Hilang karena proses",""
"49","2022-07-16","UD1 ","L-IPMMS02-W3.5G/H0010","Wardah Instaperfect MATTETITUDE Matte Stain Lipstick 02. NOBLE 3.5 g","792","705","87","NI","Bulk habis","Loss MPQ","Bulk habis","Hilang karena proses",""
"50","2022-07-16","QA6 ","FW-AH-W60ML/H0018","Wardah Nature Daily Aloe Hydramild Facial Wash 60 ml","15485","15408","77","NI","BULK HABIS","Loss MPQ","Bulk habis","Hilang karena proses",""
"51","2022-07-16","UP1 ","M-RPBSPF-W20ML/H0022","Wardah Perfect Bright Moisturizer SPF 28 20 ml","45360","44784","576","NI","BULK HABIS","Loss MPQ","Bulk habis","Hilang karena proses",""
"52","2022-07-16","FH2 ","TC-RPC04-MO12G/H0013","MAKE OVER Perfect Cover Refill TWC 04 Desert 12 g (Pc(s))","4608","4357","251","NI","Di close  karena bulk habis","Loss MPQ","Bulk habis","Hilang karena proses",""
"53","2022-07-16","ADE1 ","F-EVLLF02-W/H0009","Wardah Everyday Luminous Liquid Foundation – 02 Light Beige 35 ml","24588","24372","216","NI","BULK HABIS","Loss MPQ","Bulk habis","Hilang karena proses",""
"54","2022-07-16","WV4 ","FT-LFT-W/H0061","Wardah Lightening Face Toner 125 ml","23640","22896","744","NI","BULK HABIS","Loss MPQ","Bulk habis","Hilang karena proses",""
"55","2022-07-16","fh1 ","BP-RHEDT-KA/BSH0002","Kahf Revered Oud Eau de Toilette 35 ml","968","880","88","NI","BULK HABIS","Loss MPQ","Bulk habis","Hilang karena proses",""
"56","2022-07-16","PN1 ","L-CUMKORD-W/H0015","Wardah Colorfit Ultralight Matte Lipstick 12 Autumn Nami 3.6 g","4752","4464","288","NI","Bulk habis","Loss MPQ","Bulk habis","Hilang karena proses",""
"57","2022-07-16","EN1 ","BO-CLCPI-EM10ML/H0008","Emina Cheek Lit Cream Blush Pink 10 ml (Pc(s))","3760","3710","50","NI","BULK HABIS","Loss MPQ","Bulk habis","Hilang karena proses",""
"58","2022-07-16","aie1 ","M-RRYNCN2-W/BSH0003","Wardah Renew You Night Cream 30 g (Pc(s))","864","624","240","NI","BULK HABIS","Loss MPQ","Bulk habis","Hilang karena proses",""
"59","2022-07-16","FA1 ","TWC-CLFTD-W/H0021","Wardah Colorfit Velvet Powder Foundation 32N Neutral Beige 11 g","2916","2880","36","NI","Di close karena bulk habis","Loss MPQ","Bulk habis","Hilang karena proses",""
"60","2022-07-15","FH1 ","TC-RPC04-MO12G/H0012","MAKE OVER Perfect Cover Refill TWC 04 Desert 12 g (Pc(s))","4608","4380","228","NI","Di close karena bulk habis","Loss MPQ","Bulk habis","Hilang karena proses",""
"61","2022-07-15","VP1 ","A-DM-W40ML/H0019","Wardah Acnederm Day Moisturizer 40 ml (Pc(s))","13296","13200","96","NI","(not set)","(not set)","(not set)","(not set)",""
"62","2022-07-15","KB1 ","FM-GS-EM60ML/H0002","Emina Grape Seed Olive Face Mask 60 ml (Pc(s))","2861","","2861","NH,NI","BULK AGING","Quality","Bulk Pending / Rework / Reject","Kendala Proses",""
"63","2022-07-15","KU1 ","BO-CLPPPML-EM3.5GR/H0026","Emina Cheek Lit Pressed Blush Marshmallow Lady 3.5 gr (Pc(s))","3000","2985","15","NI","Di close karena bulk habis","Loss MPQ","Bulk habis","Hilang karena proses",""
"64","2022-07-15","FY2 ","LU-P1P3P-P720/H0061","Putri Platinum Pustreite Step 1 720 ML (Pc(s))","230","228","2","NI","BULK HABIS","Loss MPQ","Bulk habis","Hilang karena proses",""
"65","2022-07-15","AVU1 ","S-A1SEC-W/H0012","Wardah Anti Dandruff Shampoo 170 ml","16651","16272","379","NI","BULK HABIS","Loss MPQ","Bulk habis","Hilang karena proses",""
"66","2022-07-15","qb1 ","EB-SMUEMA-EM/H0013","Emina Squeeze Me Up Browcara Woody 8 g","5232","4734","498","NI","Bulk habis","Loss MPQ","Bulk habis","Hilang karena proses",""
"67","2022-07-15","AJV1 ","L-LTC-OMG/H0002","OMG Oh My Glam Juicy Kiss Lip Tint Serum – 03 Juicy Peach","8876","","8876","NH","(not set)","(not set)","(not set)","(not set)",""
"68","2022-07-15","SA1 ","TC-RR3LLF02-W/H0042","Wardah Refill Lightening Powder Foundation Light Feel 02 Golden Beige 12 g","26208","26004","204","NI","Di close karena bulk habis","Loss MPQ","Bulk habis","Hilang karena proses",""
"69","2022-07-15","IZ1 ","EL-PPLJB-MO2.7G/H0007","MAKE OVER Powerstay Precision Liquid Liner Jet Black 2.7 g","1660","1280","380","NI","BULK HABIS","Loss MPQ","Bulk habis","Hilang karena proses",""
"70","2022-07-15","SB1 ","TC-RR3LLF03-W/H0034","Wardah Refill Lightening Powder Foundation Light Feel 03 Sheer Pink 12 g","27360","26394","966","NI","Di close karena bulk habis","Loss MPQ","Bulk habis","Hilang karena proses",""
"71","2022-07-15","BR1 ","B-PT03-MO35G/H0013","MAKE OVER Silky Smooth Translucent Powder 03 Champagne 35 g (Pc(s)","1020","","1020","NI","Efek domino karena bulk telat release","Leadtime","Leadtime &gt; Standard","Efek Domino Pendingan",""
"72","2022-07-15","BY3 ","ES-TGE-MO6G/H0013","MAKE OVER Trivia Eye Shadow Golden Espress 6 g (Pc(s))","396","310","86","NI","Di close karena bulk habis","Loss MPQ","Bulk habis","Hilang karena proses",""
"73","2022-07-15","AWQ1 ","M-RRYDCN1-W/H0008","Wardah Renew You Day Cream 15 g (Pc(s))","58806","58068","738","NI","BULK HABIS","Loss MPQ","Bulk habis","Hilang karena proses",""
"74","2022-07-15","ge2 ","TWC-CLFTB-W/H0016","Wardah Colorfit Velvet Powder Foundation 22N Light Ivory 11 g","864","743","121","NI","Di close karena bulk habis","Loss MPQ","Bulk habis","Hilang karena proses",""
"75","2022-07-15","WD5 ","D-RO-KA/H0025","Kahf Soothing Antiperspirant Deodorant 50 ml","5135","4992","143","NI","BULK HABIS","Loss MPQ","Bulk habis","Hilang karena proses",""
"76","2022-07-15","WY1 ","B-PBTUBB-W/H0045","Wardah Perfect Bright BB Powder 50 g","5850","5775","75","NI","Di close karena bulk habis","Loss MPQ","Bulk habis","Hilang karena proses",""
"77","2022-07-15","WY2 ","B-PBTUBB-W/H0046","Wardah Perfect Bright BB Powder 50 g","5850","5834","16","NI","Di close karena bulk habis","Loss MPQ","Bulk habis","Hilang karena proses",""
"78","2022-07-15","QX1 ","SS-SB45-EM/H0006","Emina Sun Battle SPF 45 PA+++ 30 ml","31222","24750","6472","NI","BULK HABIS","Loss MPQ","Bulk habis","Hilang karena proses",""
"79","2022-07-15","QP3 ","ES-W1G-W3,3GR/H0011","Wardah Eye Shadow G 3,3 gr (pc(s))","1800","1761","39","NI","Di close karena refill habis","Loss MPQ","Bulk habis","Hilang karena proses",""
"80","2022-07-15","CG1 ","DDC-CDN-W20ML/H0010","Wardah C-Defense DD Cream Natural 20 ml (Pc(s))","22563","5760","16803","NI","NOT HITS","Machine","Mesin Down","Mechanical",""
"81","2022-07-15","BP1 ","B-PT01-MO35G/H0031","MAKE OVER Silky Smooth Translucent Powder 01 Porcelain 35 g (Pc(s))","2754","2707","47","NI","Di close karena bulk habis","Loss MPQ","Bulk habis","Hilang karena proses",""
"82","2022-07-15","FY1 ","LU-P1P3P-P720/H0060","Putri Platinum Pustreite Step 1 720 ML (Pc(s))","230","228","2","NI","BULK HABIS","Loss MPQ","Bulk habis","Hilang karena proses",""
"83","2022-07-15","DW1 ","L-LL10-W2.3G/H0018","Wardah Lipstick Longlasting 10 Stylish Mocca 2.3 g (Pc(s))","1752","1715","37","NI","Bulk habis","Loss MPQ","Bulk habis","Hilang karena proses",""
"84","2022-07-15","YC1 ","L-CUM03-W/H0008","Wardah Colorfit Ultralight Matte Lipstick 03 Caramel Nude 3.6 g","4752","4656","96","NI","Bulk habis","Loss MPQ","Bulk habis","Hilang karena proses",""
"85","2022-07-15","QJ2 ","M-AHC-W40ML/H0013","Wardah Nature Daily Aloe Hydramild Moisturizer Cream 40 ml","23460","15120","8340","NI","DUSAT GAGAL ETTA","External – Material Supply","Raw Material Supply","Gagal ETA",""
"86","2022-07-15","ZQ1 ","FW-LWFN2-W/H0063","Wardah Lightening Whip Facial Foam 100 ml","9520","9485","35","NI","BULK HABIS","Loss MPQ","Bulk habis","Hilang karena proses",""
"87","2022-07-15","BI3 ","FW-PCSAC-KA/H0093","Kahf Oil and Acne Care Face Wash 100 ml","9508","8850","658","NI","BULK HABIS","Loss MPQ","Bulk habis","Hilang karena proses",""
"88","2022-07-15","BI4 ","FW-PCSAC-KA/H0094","Kahf Oil and Acne Care Face Wash 100 ml","9508","8865","643","NI","BULK HABIS","Loss MPQ","Bulk habis","Hilang karena proses",""
"89","2022-07-15","AAZ1 ","L-CUMKORB-W/H0028","Wardah Colorfit Ultralight Matte Lipstick 10 Stunning Seoul 3.6 g","4752","4248","504","NI","Bulk habis","Loss MPQ","Bulk habis","Hilang karena proses",""
"90","2022-07-15","ABE1 ","MY-RAPRT-W/H0007","Malaysia Wardah Acnederm Pore Refining Toner 100 ml","7900","7580","320","NI","BULK HABIS","Loss MPQ","Bulk habis","Hilang karena proses",""
"91","2022-07-15","WV3 ","FT-LFT-W/H0060","Wardah Lightening Face Toner 125 ml","23640","22656","984","NI","BULK HABIS","Loss MPQ","Bulk habis","Hilang karena proses",""
"92","2022-07-15","GK1 ","L-EMC01-W4GR/H0013","Wardah Exclusive Matte Lip Cream 01 Red-dicted 4 gr (Pc(s))","10368","10344","24","NI","Bulk habis","Loss MPQ","Bulk habis","Hilang karena proses",""
"93","2022-07-15","FC1 ","TC-PC02-MO12G/H0019","MAKE OVER Perfect Cover TWC 02 Coral 12 g (Pc(s))","4752","4419","333","NI","Di close karena bulk habis","Loss MPQ","Bulk habis","Hilang karena proses",""
"94","2022-07-15","DP1 ","L-LL03-W2.3G/H0018","Wardah Lipstick Longlasting 03 Simply Brown 2.3 g (Pc(s))","1752","1732","20","NI","Bulk habis","Loss MPQ","Bulk habis","Hilang karena proses",""
"95","2022-07-15","TR1 ","LB-EVLNGT-W4G/H0017","Wardah Everyday Moisture Lip Nutrition Green Tea 4 g","4272","4187","85","NI","Bulk habis","Loss MPQ","Bulk habis","Hilang karena proses",""
"96","2022-07-15","BI5 ","FW-PCSAC-KA/H0095","Kahf Oil and Acne Care Face Wash 100 ml","9508","8895","613","NI","BULK HABIS","Loss MPQ","Bulk habis","Hilang karena proses",""
"97","2022-07-14","VK1 ","FM-AH-EM60ML/H0003","Emina Avocado Honey Face Mask 60 ml","2558","2520","38","NI","BULK HABIS","Loss MPQ","Bulk habis","Hilang karena proses",""
"98","2022-07-14","FJ1 ","M-PSWC-MO/H0010","MAKE OVER Powerskin Water Charge Moisturizer 42 ml","2353","2150","203","NI","BULK HABIS","Loss MPQ","Bulk habis","Hilang karena proses",""
"99","2022-07-14","AIU1 ","MY-UVSAFE-W/BSH0004","Malaysia Wardah UV Shield Aqua Fresh Essence SPF 50 30 ml","3612","","3612","NH,NI","REALISASI BLISTER MUNDUR","Leadtime","Leadtime &gt; Standard","Efek Domino Pendingan",""
"100","2022-07-14","KF1 ","PRM-PCCGR-MO/H0004","MAKE OVER POWERSTAY Color Correcting Primer Green 25 ml","1500","","1500","NH,NI","ADA PENAMBAHAN PROSES STIKER","Quality","Finished Good Defect / Pending / Rework / Reject","Kendala Proses",""
"101","2022-07-14","BI2 ","FW-PCSAC-KA/H0092","Kahf Oil and Acne Care Face Wash 100 ml","9508","8685","823","NI","BULK HABIS","Loss MPQ","Bulk habis","Hilang karena proses",""
"102","2022-07-14","BI1 ","FW-PCSAC-KA/H0091","Kahf Oil and Acne Care Face Wash 100 ml","9508","7320","2188","NI","(not set)","(not set)","(not set)","(not set)",""
"103","2022-07-14","WZ1 ","LT-CR01-EM/H0020","Emina Creamytint 01 Brick Town 3.6 g","11500","11403","97","NI","Bulk habis","Loss MPQ","Bulk habis","Hilang karena proses",""
"104","2022-07-14","AX3","L-MLCL-OMG/BSH0001","OMG OH MY GLAM Matte Kiss Lip Cream 12 Scarlet 3.5 g","1296","1212","84","NI","Loss MPQ","Loss MPQ","Bulk habis","Hilang karena proses",""
"105","2022-07-14","yp1 ","BO-CPLP-W/H0008","WARDAH CRYSTALLURE Precious Lustre Prism Blush 10 g","576","559","17","NI","Di close karena bulk habis","Loss MPQ","Bulk habis","Hilang karena proses",""
"106","2022-07-14","ZU2 ","BO-CLBSPE-EM/H0014","Emina Cheek Lit Blush Stick Peach 7 g","624","612","12","NI","Bulk habis","Loss MPQ","Bulk habis","Hilang karena proses",""
"107","2022-07-14","XE1 ","F-PTCMCN10-MO/H0020","MAKE OVER Powerstay Total Cover Matte Cream Foundation N10 Marble 12 g","216","200","16","NI","Bulk habis","Loss MPQ","Bulk habis","Hilang karena proses",""
"108","2022-07-14","JR4 ","FW-PCSRB-KA/H0089","Kahf Skin Energizing and Brightening Face Wash 100 ml","9360","8835","525","NI","BULK HABIS","Loss MPQ","Bulk habis","Hilang karena proses",""
"109","2022-07-14","AIU3 ","MY-UVSAFE-W/BSH0003","Malaysia Wardah UV Shield Aqua Fresh Essence SPF 50 30 ml","1372","","1372","NH,NI","REALISASI BLISTER MUNDUR","Leadtime","Leadtime &gt; Standard","Efek Domino Pendingan",""
"110","2022-07-14","ACD1 ","MY-RMWHPG-W/BSH0001","Malaysia Wardah Nature Daily Witch Hazel Purifying Moisturizer Gel 40 ml","990","870","120","NI","BULK HABIS","Loss MPQ","Bulk habis","Hilang karena proses",""
"111","2022-07-14","gf1 ","MY-RAFP-W/H0004","Malaysia Wardah Acnederm Face Powder 20 g","2976","2784","192","NI","Di close karena bulk habis
","Loss MPQ","Bulk habis","Hilang karena proses",""
"112","2022-07-14","AFC1 ","M-RWSDCN1-W/H0015","Wardah Crystal Secret Brightening Day Cream 15 ml","60372","58464","1908","NI","BULK HABIS","Loss MPQ","Bulk habis","Hilang karena proses",""
"113","2022-07-14","dy1 ","B-PMT-MO11G/H0011","MAKE OVER Powerstay Mattifying Transparent Powder 11 g","1302","","1302","NH,NI","Realisasi mundur karena bulk telat release","Leadtime","Leadtime &gt; Standard","Efek Domino Pendingan",""
"114","2022-07-14","qq1 ","A-BPCB-W20G/H0009","Wardah Acnederm Pore Blackhead Balm 20 g (Pc(s))","5760","5733","27","NI","Bulk habis","Loss MPQ","Bulk habis","Hilang karena proses",""
"115","2022-07-14","XE2 ","F-PTCMCN10-MO/H0021","MAKE OVER Powerstay Total Cover Matte Cream Foundation N10 Marble 12 g","216","207","9","NI","Bulk habis","Loss MPQ","Bulk habis","Hilang karena proses",""
"116","2022-07-14","aav1 ","L-HSLWJ-MO/H0008","Make Over Hydrastay Smooth Lip Whip C10 Vow 6.5 g","360","300","60","NI","Bulk habis","Loss MPQ","Bulk habis","Hilang karena proses",""
"117","2022-07-14","MB1 ","SS-UVSAFE-W/H0018","Wardah UV Shield Aqua Fresh Essence SPF 50 30 ml","30558","23800","6758","NI","BULK HABIS","Loss MPQ","Bulk habis","Hilang karena proses",""
"118","2022-07-14","SH1 ","HC-HF-W170ML/H0026","Wardah Hair Fall Treatment Conditioner 170 ml (Pc(s))","5519","5490","29","NI","BULK HABIS","Loss MPQ","Bulk habis","Hilang karena proses",""
"119","2022-07-14","IB1 ","LB-SR-EM4.2GR/H0028","Emina Sugar Rush Lip Scrub 4.2 gr (Pc(s))","8640","8467","173","NI","Bulk habis","Loss MPQ","Bulk habis","Hilang karena proses",""
"120","2022-07-14","bs1 ","L-HSLWA-MO/H0003","Make Over Hydrastay Smooth Lip Whip C01 Grace 6.5 g","360","356","4","NI","Bulk habis","Loss MPQ","Bulk habis","Hilang karena proses",""
"121","2022-07-14","aay1 ","L-HSLWD-MO/H0009","Make Over Hydrastay Smooth Lip Whip C04 Real 6.5 g","360","354","6","NI","bulk habis","Loss MPQ","Bulk habis","Hilang karena proses",""
"122","2022-07-14","(not set)","CUS-CLPGCD-W/H0006","Wardah Colorfit Perfect Glow Cushion 32N Neutral Beige 15 g","6392","3888","2504","NI","BULK REWORK","Quality","Bulk Pending / Rework / Reject","Kualitas Bulk Bermasalah",""
"123","2022-07-14","aen1 ","L-EMC03DP-W/H0001","Wardah Exclusive Matte Lip Cream 03 See You Latte 4g","22608","22608","","NH","(not set)","(not set)","(not set)","(not set)",""
"124","2022-07-14","YX1 ","M-LDCN1-W/H0026","Wardah Lightening Day Cream Advanced Niacinamide 20 mL","43940","28800","15140","NI","(not set)","(not set)","(not set)","(not set)",""
"125","2022-07-14","WV2 ","FT-LFT-W/H0059","Wardah Lightening Face Toner 125 ml","23640","22608","1032","NI","BULK HABIS","Loss MPQ","Bulk habis","Hilang karena proses",""
"126","2022-07-14","CE1 ","BBC-EN-W30ML/H0003","Wardah Everyday BB Cream Natural 30 ml (Pc(s))","30852","25920","4932","NI","(not set)","(not set)","(not set)","(not set)",""
"127","2022-07-14","AAR2 ","BO-CLBSPI-EM/H0007","Emina Cheek Lit Blush Stick Pink 7 g","624","549","75","NI","Bulk habis","Loss MPQ","Bulk habis","Hilang karena proses",""
"128","2022-07-14","JR3 ","FW-PCSRB-KA/H0088","Kahf Skin Energizing and Brightening Face Wash 100 ml","9360","9135","225","NI","BULK HABIS","Loss MPQ","Bulk habis","Hilang karena proses",""
"129","2022-07-14","ADG1 ","FMI-MS-KA/H0018","Kahf Everyday Multipurpose Refreshing Spray 100 ml","735","690","45","NI","BULK HABIS","Loss MPQ","Bulk habis","Hilang karena proses",""
"130","2022-07-14","FJ2 ","M-PSWC-MO/H0011","MAKE OVER Powerskin Water Charge Moisturizer 42 ml","2353","950","1403","NI","(not set)","(not set)","(not set)","(not set)",""
"131","2022-07-14","ZU1 ","BO-CLBSPE-EM/H0013","Emina Cheek Lit Blush Stick Peach 7 g","624","534","90","NI","Bulk habis","Loss MPQ","Bulk habis","Hilang karena proses",""
"132","2022-07-14","WW1 ","BP-SJYBM-W100ML/H0014","Wardah Scentsation Joyful Body Mist 100 ml (Pc(s))","9275","9250","25","NI","BULK HABIS","Loss MPQ","Bulk habis","Hilang karena proses",""
"133","2022-07-14","SI1 ","HC-NS-W170ML/H0014","Wardah Nutri Shine Conditioner 170 ml (Pc(s))","5540","5454","86","NI","BULK HABIS","Loss MPQ","Bulk habis","Hilang karena proses",""
"134","2022-07-14","azd1 ","HBW-ETBWEN2-W/H0001","Earth Love Life South Bali Frangipani &amp; Tropical Coconut Water Body Wash 450 ml","2097","1820","277","NI","BULK HABIS","Loss MPQ","Bulk habis","Hilang karena proses",""
"135","2022-07-14","aaz1 ","L-CUMKORB-W/H0027","Wardah Colorfit Ultralight Matte Lipstick 10 Stunning Seoul 3.6 g","18576","18456","120","NI","Bulk habis","Loss MPQ","Bulk habis","Hilang karena proses",""
"136","2022-07-14","KE1 ","PRM-PCCYW-MO/H0005","MAKE OVER POWERSTAY Color Correcting Primer Yellow 25 ml","1483","","1483","NH,NI","(not set)","(not set)","(not set)","(not set)",""
"137","2022-07-14","TB1 ","F-LPWN20-MO/H0005","MAKE OVER Powerstay Weightless Liquid Foundation N20 Ivory 33 ml","625","600","25","NI","BULK HABIS","Loss MPQ","Bulk habis","Hilang karena proses",""
"138","2022-07-14","HK1 ","HBW-BWN2D-BD/H0009","Biodef Natural Protection Mint + Yuzu Body Wash Antiseptik Alami Pouch 400 ml","6989","6972","17","NI","BULK HABIS","Loss MPQ","Bulk habis","Hilang karena proses",""
"139","2022-07-14","AIU2 ","MY-UVSAFE-W/BSH0005","Malaysia Wardah UV Shield Aqua Fresh Essence SPF 50 30 ml","4872","","4872","NH,NI","REALISASI BLISTER MUNDUR","Leadtime","Leadtime &gt; Standard","Efek Domino Pendingan",""
"140","2022-07-13","aes1 ","L-EMC17DP-W/H0002","Wardah Exclusive Matte Lip Cream 17 Rosy Cheek 4g","9792","9792","","NH","(not set)","(not set)","(not set)","(not set)",""
"141","2022-07-13","zo1 ","FW-RHMF-W/H0014","Wardah Hydra Rose Gel to Foam cleanser 100 ml","28410","28110","300","NI","BULK HABIS","Loss MPQ","Bulk habis","Hilang karena proses",""
"142","2022-07-13","agw1 ","FT-MPBHA-EM/H0004","Emina Ms. Pimple Acne Solution Exfoliating Toner 100 ml","9460","9168","292","NI","BULK HABIS","Loss MPQ","Bulk habis","Hilang karena proses",""
"143","2022-07-13","aao1 ","L-HSLWI-MO/H0011","Make Over Hydrastay Smooth Lip Whip C09 Admire 6.5 g","360","346","14","NI","Bulk habis","Loss MPQ","Bulk habis","Hilang karena proses",""
"144","2022-07-13","aap1 ","L-HSLWL-MO/H0003","Make Over Hydrastay Smooth Lip Whip C12 Detail 6.5 g","360","356","4","NI","Bulk habis","Loss MPQ","Bulk habis","Hilang karena proses",""
"145","2022-07-13","bi7 ","FW-PCSAC-KA/H0090","Kahf Oil and Acne Care Face Wash 100 ml","9508","8925","583","NI","BULK HABIS","Loss MPQ","Bulk habis","Hilang karena proses",""
"146","2022-07-13","AWR2 ","M-RRYNCN1-W/H0015","Wardah Renew You Night Cream 15 g (Pc(s))","22428","5760","16668","NI","BATCH SPLIT","Leadtime","Select Kendala","Minor Stop Tinggi",""
"147","2022-07-13","in1 ","HBW-BWN2C-BD/H0020","Biodef Natural Protection Mint + Green Tea Body Wash Antiseptik Alami Pouch 400 ml","6955","6924","31","NI","BULK HABIS","Loss MPQ","Bulk habis","Hilang karena proses",""
"148","2022-07-13","AWR1 ","M-RRYNCN1-W/H0014","Wardah Renew You Night Cream 15 g (Pc(s))","22428","5760","16668","NI","NOT HITS","Machine","Mesin Down","Pneumatik",""
"149","2022-07-13","gg2 ","B-CLCLPA-W/H0013","Wardah Colorfit Mattifying Powder 22N Light Ivory 15 g","3696","2400","1296","NI","supply packaging terlambat dari logistik","Internal – Material Supply","Packaging/FG Impor Supply","Terlambat Supply",""
"150","2022-07-13","ZV1 ","BO-CLBSNT-EM/H0005","Emina Cheek Lit Highlighter Stick Nudetwinkle 7 g","624","598","26","NI","Bulk habis","Loss MPQ","Bulk habis","Hilang karena proses",""
"151","2022-07-13","AXJ1 ","L-LTB-OMG/H0002","OMG Oh My Glam Juicy Kiss Lip Tint Serum – 02 Juicy Grapefruit","3480","","3480","NH,NI","Packaging berubah status not OKE setelah PPC menjadwalkan berdasarkan temuan produksi J4 sebelumnya. kemudian quality mengecek sisa packaging di logistikdan hasilnya not oke (baret)
di incoming tidak di temukannot oke","Internal – Material Supply","Packaging/FG Impor Supply","Beda Data Stock",""
"152","2022-07-13","zo2 ","FW-RHMF-W/H0015","Wardah Hydra Rose Gel to Foam cleanser 100 ml","28410","28170","240","NI","BULK HABIS","Loss MPQ","Bulk habis","Hilang karena proses",""
"153","2022-07-13","QA4 ","FW-AH-W60ML/H0016","Wardah Nature Daily Aloe Hydramild Facial Wash 60 ml","15485","15408","77","NI","BULK HABIS","Loss MPQ","Bulk habis","Hilang karena proses",""
"154","2022-07-13","abd2 ","L-CUMKORC-W/H0015","Wardah Colorfit Ultralight Matte Lipstick 11 Sunkissed Jeju 3.6 g","4752","4558","194","NI","Bulk habis","Loss MPQ","Bulk habis","Hilang karena proses",""
"155","2022-07-13","vp3 ","TC-RRE04-W/H0034","Wardah Refill Exclusive Two Way Cake 04 Natural 12 g","7470","7135","335","NI","Di close karena bulk habis","Loss MPQ","Bulk habis","Hilang karena proses",""
"156","2022-07-13","fi1 ","TC-RPC01-MO12G/H0009","MAKE OVER Perfect Cover Refill TWC 01 Lace 12 g (Pc(s))","1440","1360","80","NI","Di close karena bulk habis","Loss MPQ","Bulk habis","Hilang karena proses",""
"157","2022-07-13","qv1 ","FW-BSACNE-EM/H0027","Emina Bright Stuff for Acne Prone Skin Face Wash 100 ml","28220","27980","240","NI","BULK HABIS","Loss MPQ","Bulk habis","Hilang karena proses",""
"158","2022-07-13","lb1 ","FW-BSN2-EM/H0036","Emina Bright Stuff Face Wash 100 ml","29848","29640","208","NI","BULK HABIS","Loss MPQ","Bulk habis","Hilang karena proses",""
"159","2022-07-13","zr2 ","FW-LMGWN2-W/H0029","Wardah Lightening Micellar Gentle Wash 100 ml","28805","28130","675","NI","BULK HABIS","Loss MPQ","Bulk habis","Hilang karena proses",""
"160","2022-07-13","zr1 ","FW-LMGWN2-W/H0028","Wardah Lightening Micellar Gentle Wash 100 ml","28805","28525","280","NI","BULK HABIS","Loss MPQ","Bulk habis","Hilang karena proses",""
"161","2022-07-13","lb2 ","FW-BSN2-EM/H0037","Emina Bright Stuff Face Wash 100 ml","29848","29780","68","NI","BULK HABIS","Loss MPQ","Bulk habis","Hilang karena proses",""
"162","2022-07-13","cq2 ","FW-RWSABHA-W/H0047","Wardah Crystal Secret Foaming Cleanser with Natural AHA+PHA 100 ml","28830","26250","2580","NI","(not set)","(not set)","(not set)","(not set)",""
"163","2022-07-13","uu1 ","M-CSRRC-W/H0004","Wardah Crystallure Supreme Revitalizing Rich Cream 50 g","3516","3504","12","NI","BULK HABIS","Loss MPQ","Bulk habis","Hilang karena proses",""
"164","2022-07-13","ej1 ","B-DMCP03-EM/H0011","Emina Daily Matte Compact Powder 03 Caramel 11 g","4968","4559","409","NI","Di close karena Bulk habis ","Loss MPQ","Bulk habis","Hilang karena proses",""
"165","2022-07-13","yx1 ","TWC-CLFTRE-W/H0005","Wardah Colorfit Velvet Powder Foundation Refill 33W Olive Beige 11 g","1548","1530","18","NI","Di close karena bulk habis","Loss MPQ","Bulk habis","Hilang karena proses",""
"166","2022-07-13","ne2 ","FW-CD-W100ML/H0053","Wardah C-Defense Energizing Creamy Wash 100 ml (Pc(s))","28680","28620","60","NI","BULK HABIS","Loss MPQ","Bulk habis","Hilang karena proses",""
"167","2022-07-13","BR2 ","REM-EEM-W50ML/H0007","Wardah EyeXpert Eye &amp; Lip Makeup Remover 50 ml","11592","11508","84","NI","(not set)","(not set)","(not set)","(not set)",""
"168","2022-07-13","yz1 ","L-CUM04-W/H0010","Wardah Colorfit Ultralight Matte Lipstick 04 Mocca Brown 3.6 g","2160","2154","6","NI","Bulk habis","Loss MPQ","Bulk habis","Hilang karena proses",""
"169","2022-07-13","WV1 ","FT-LFT-W/H0058","Wardah Lightening Face Toner 125 ml","23640","22800","840","NI","BULK HABIS","Loss MPQ","Bulk habis","Hilang karena proses",""
"170","2022-07-13","qh2 ","BO-W1C-W4GR/H0027","Wardah Blush On C 4 gr","3000","2893","107","NI","Di close karena bulk habis","Loss MPQ","Bulk habis","Hilang karena proses",""
"171","2022-07-13","ne1 ","FW-CD-W100ML/H0052","Wardah C-Defense Energizing Creamy Wash 100 ml (Pc(s))","28680","28560","120","NI","BULK HABIS","Loss MPQ","Bulk habis","Hilang karena proses",""
"172","2022-07-13","azc1 ","HBW-ETBWDN2-W/H0001","Earth Love Life Spanish Lavender &amp; Javanese Rice Milk Body Wash 450 ml","2097","1807","290","NI","(not set)","(not set)","(not set)","(not set)",""
"173","2022-07-13","JR1 ","FW-PCSRB-KA/H0086","Kahf Skin Energizing and Brightening Face Wash 100 ml","9360","9000","360","NI","BULK HABIS","Loss MPQ","Bulk habis","Hilang karena proses",""
"174","2022-07-13","yc1 ","L-CUM03-W/H0007","Wardah Colorfit Ultralight Matte Lipstick 03 Caramel Nude 3.6 g","2160","1932","228","NI","Bulk habis","Loss MPQ","Bulk habis","Hilang karena proses",""
"175","2022-07-13","JR2 ","FW-PCSRB-KA/H0087","Kahf Skin Energizing and Brightening Face Wash 100 ml","9360","5400","3960","NI","KARBOX GAGAL ETTA","External – Material Supply","Raw Material Supply","Gagal ETA",""
"176","2022-07-13","dk1 ","FW-BS-EM50ML/H0047","Emina Bright Stuff Face Wash 50 ml","38592","38050","542","NI","BULK HABIS","Loss MPQ","Bulk habis","Hilang karena proses",""
"177","2022-07-13","AAR1 ","BO-CLBSPI-EM/H0006","Emina Cheek Lit Blush Stick Pink 7 g","624","540","84","NI","Bulk habis","Loss MPQ","Bulk habis","Hilang karena proses",""
"178","2022-07-13","adr1 ","SRM-RLSAN1-W/H0022","Wardah Lightening Serum Ampoule 30 ml","29475","26880","2595","NI","BULK HABIS","Loss MPQ","Bulk habis","Hilang karena proses",""
"179","2022-07-13","fy1 ","LU-P1P3P-P720/H0058","Putri Platinum Pustreite Step 1 720 ML (Pc(s))","230","228","2","NI","BULK HABIS","Loss MPQ","Bulk habis","Hilang karena proses",""
"180","2022-07-13","sc1 ","A-NTM-W40ML/H0008","Wardah Acnederm Night Treatment Moisturizer 40 ml (Pc(s))","22695","22650","45","NI","BULK HABIS","Loss MPQ","Bulk habis","Hilang karena proses",""
"181","2022-07-13","ff1 ","BP-HREDT-KA/H0014","Kahf Humbling Forest Eau de Toilette 35 ml","4974","4972","2","NI","BULK HABIS","Loss MPQ","Bulk habis","Hilang karena proses",""
"182","2022-07-13","dk2 ","FW-BS-EM50ML/H0048","Emina Bright Stuff Face Wash 50 ml","38592","38000","592","NI","BULK HABIS","Loss MPQ","Bulk habis","Hilang karena proses",""
"183","2022-07-12","QA1 ","FW-AH-W60ML/H0013","Wardah Nature Daily Aloe Hydramild Facial Wash 60 ml","15485","14400","1085","NI","BULK HABIS","Loss MPQ","Bulk habis","Hilang karena proses",""
"184","2022-07-12","vt1 ","L-REMO20-W/H0009","Wardah Exclusive Moist Lipstick 20 Pink Pearl 3.5 g","2280","2260","20","NI","Bulk habis","Loss MPQ","Bulk habis","Hilang karena proses",""
"185","2022-07-12","abd1 ","L-CUMKORC-W/H0014","Wardah Colorfit Ultralight Matte Lipstick 11 Sunkissed Jeju 3.6 g","4752","4452","300","NI","Bulk habis","Loss MPQ","Bulk habis","Hilang karena proses",""
"186","2022-07-12","vp2 ","TC-RRE04-W/H0033","Wardah Refill Exclusive Two Way Cake 04 Natural 12 g","7470","7236","234","NI","di close karena bulk habis","Loss MPQ","Bulk habis","Hilang karena proses",""
"187","2022-07-12","yy1 ","TWC-CLFTRF-W/H0001","Wardah Colorfit Velvet Powder Foundation Refill 43W Golden Sand 11 g","1548","","1548","NI","Bulk telat release dari olah karena item NPD aag1","Leadtime","Leadtime &gt; Standard","Trial NPD",""
"188","2022-07-12","sh1 ","HC-HF-W170ML/H0025","Wardah Hair Fall Treatment Conditioner 170 ml (Pc(s))","5436","","5436","NH,NI","(not set)","(not set)","(not set)","(not set)",""
"189","2022-07-12","gh1 ","LU-P1-P720/H0023","Putri Pustreite Step 1 720 ML (Pc(s))","230","228","2","NI","BULK HABIS","Loss MPQ","Bulk habis","Hilang karena proses",""
"190","2022-07-12","AMA1 ","LB-LMPB-EM/H0011","Emina Lip Mask 9 gr (Blister Version)","18624","18575","49","NI","Bulk habis","Loss MPQ","Bulk habis","Hilang karena proses",""
"191","2022-07-12","qn2 ","TC-FC-MO14G/H0021","MAKE OVER Face Contour Kit 14 g (Pc(s))","1440","1396","44","NI","Di close karena bulk habis","Loss MPQ","Bulk habis","Hilang karena proses",""
"192","2022-07-12","ol2 ","ES-PRPBK-EM3.3GR/H0003","Emina Pop Rouge Pressed Eye Shadow Brick 3.3 gr (Pc(s))","1638","1619","19","NI","di close karena bulk habis","Loss MPQ","Bulk habis","Hilang karena proses",""
"193","2022-07-12","vp1 ","A-DM-W40ML/H0017","Wardah Acnederm Day Moisturizer 40 ml (Pc(s))","13296","13290","6","NI","BULK HABIS","Loss MPQ","Bulk habis","Hilang karena proses",""
"194","2022-07-12","qi1 ","M-WHPG-W40ML/H0013","Wardah Nature Daily Witch Hazel Purifying Moisturizer Gel 40 ml","13680","3780","9900","NI","BULK HABIS","Loss MPQ","Bulk habis","Hilang karena proses",""
"195","2022-07-12","zq1 ","L-CVM010-W/H0009","Wardah Colorfit Velvet Matte Lip Mousse 10 Lively Coral 4 g","3192","3077","115","NI","Bulk habis","Loss MPQ","Bulk habis","Hilang karena proses",""
"196","2022-07-12","dw2 ","L-LL10-W2.3G/H0016","Wardah Lipstick Longlasting 10 Stylish Mocca 2.3 g (Pc(s))","1752","1737","15","NI","Bulk habis","Loss MPQ","Bulk habis","Hilang karena proses",""
"197","2022-07-12","vu1 ","BO-E02-W/H0025","Wardah Exclusive Blush On 02 Coral Peach 6.5 g","1776","1661","115","NI","di close  karena bulk habis","Loss MPQ","Bulk habis","Hilang karena proses",""
"198","2022-07-12","bi5 ","FW-PCSAC-KA/H0088","Kahf Oil and Acne Care Face Wash 100 ml","9508","8895","613","NI","BULK HABIS","Loss MPQ","Bulk habis","Hilang karena proses",""
"199","2022-07-12","rs2 ","TC-R3LLF01-W/H0031","Wardah Lightening Powder Foundation Light Feel 01 Light Beige 12 g","7488","7233","255","NI","Di close karena bulk habis","Loss MPQ","Bulk habis","Hilang karena proses",""
"200","2022-07-12","ry1 ","L-PVW07-MO/H0001","MAKE OVER Powerstay Vivid Waterlite Lip Stain A07 XOXO 5.5 g","4923","4320","603","NI","BULK HABIS","Loss MPQ","Bulk habis","Hilang karena proses",""
"201","2022-07-12","dw3 ","L-LL10-W2.3G/H0017","Wardah Lipstick Longlasting 10 Stylish Mocca 2.3 g (Pc(s))","1752","1739","13","NI","Bulk habis","Loss MPQ","Bulk habis","Hilang karena proses",""
"202","2022-07-12","yb1 ","SRM-CSRO-W/H0006","Crystallure Supreme Revitalizing Oil Serum 30 ml","1589","","1589","NH,NI","(not set)","(not set)","(not set)","(not set)",""
"203","2022-07-12","bi6 ","FW-PCSAC-KA/H0089","Kahf Oil and Acne Care Face Wash 100 ml","9508","9075","433","NI","BULK HABIS","Loss MPQ","Bulk habis","Hilang karena proses",""
"204","2022-07-12","vp2 ","A-DM-W40ML/H0018","Wardah Acnederm Day Moisturizer 40 ml (Pc(s))","13296","13170","126","NI","BULK HABIS","Loss MPQ","Bulk habis","Hilang karena proses",""
"205","2022-07-12","aeh1 ","L-EMC13DP-W/H0003","Wardah Exclusive Matte Lip Cream 13 Fruit Punch 4g","22608","22608","","NH","(not set)","(not set)","(not set)","(not set)",""
"206","2022-07-12","nk1 ","FM-CMSC-EM/H0005","Emina Clay Mask Sebum Control 60 ml","5867","5652","215","NI","BULK HABIS","Loss MPQ","Bulk habis","Hilang karena proses",""
"207","2022-07-12","AEW1 ","SRM-RS-TA/H0002","Tavi 1% Encapsulated Retinol + Peptide Slow Aging Signs Serum","3911","3648","263","NI","BULK HABIS","Loss MPQ","Bulk habis","Hilang karena proses",""
"208","2022-07-12","sa2 ","TC-RR3LLF02-W/H0040","Wardah Refill Lightening Powder Foundation Light Feel 02 Golden Beige 12 g","26208","26001","207","NI","Di close karena bulk habis","Loss MPQ","Bulk habis","Hilang karena proses",""
"209","2022-07-12","wj1 ","L-REMA18-W/H0023","Wardah Exclusive Matte Lipstick 18 Rosy Pink 3.5 g","1065","1003","62","NI","Bulk habis","Loss MPQ","Bulk habis","Hilang karena proses",""
"210","2022-07-11","lm1 ","HBL-AVG-EM/H0009","Emina Aloe Vera Gel 60 ml","3031","3024","7","NI","BULK HABIS","Loss MPQ","Bulk habis","Hilang karena proses",""
"211","2022-07-11","bi1 ","B-DMCP02-EM/H0020","Emina Daily Matte Compact Powder 02 Natural 11 g","4716","","4716","NH,NI","Bulk sebelumnya pending warna baru release di hari senin,11/07/2022","Quality","Bulk Pending / Rework / Reject","Kualitas Bulk Bermasalah",""
"212","2022-07-11","jr5 ","FW-PCSRB-KA/H0085","Kahf Skin Energizing and Brightening Face Wash 100 ml","9360","8895","465","NI","BULK HABIS","Loss MPQ","Bulk habis","Hilang karena proses",""
"213","2022-07-11","jr3 ","FW-PCSRB-KA/H0083","Kahf Skin Energizing and Brightening Face Wash 100 ml","9360","8685","675","NI","BULK HABIS","Loss MPQ","Bulk habis","Hilang karena proses",""
"214","2022-07-11","dw1 ","L-LL10-W2.3G/H0015","Wardah Lipstick Longlasting 10 Stylish Mocca 2.3 g (Pc(s))","1752","1680","72","NI","Bulk habis","Loss MPQ","Bulk habis","Hilang karena proses",""
"215","2022-07-11","uz1 ","L-CSGC104-MO/H0007","MAKE OVER Color Stick Gloss Crayon 104 Chloe 3 g","180","164","16","NI","Bulk habis","Loss MPQ","Bulk habis","Hilang karena proses",""
"216","2022-07-11","fd1 ","TC-PC04-MO12G/H0016","MAKE OVER Perfect Cover TWC 04 Desert 12 g (Pc(s))","4296","4257","39","NI","Di close karena bulk habis","Loss MPQ","Bulk habis","Hilang karena proses",""
"217","2022-07-11","jr4 ","FW-PCSRB-KA/H0084","Kahf Skin Energizing and Brightening Face Wash 100 ml","9360","8985","375","NI","BULK HABIS","Loss MPQ","Bulk habis","Hilang karena proses",""
"218","2022-07-11","adc1 ","L-EMC15DP-W/H0001","Wardah Exclusive Matte Lip Cream 15 Pinky Plumise 4g","9792","9792","","NH","(not set)","(not set)","(not set)","(not set)",""
"219","2022-07-11","ux1 ","FA-UGHP-MO/H0009","MAKE OVER Powerstay Ultra Glow Highlighter 3 x 3.5 g","1300","1241","59","NI","di close karena refil habis","Loss MPQ","Bulk habis","Hilang karena proses",""
"220","2022-07-11","(not set)","L-CLADC04-W/BSH0001","Wardah Colorfit Last All Day Lip Paint 15. Dazzling New York","1008","408","600","NI","Stok packaging habis","Internal – Material Supply","Raw Material Supply","Quantity tidak sesuai",""
"221","2022-07-11","xd1 ","BP-SPCE-W35ML/H0005","Wardah Scentsation Peaceful Eau De Toilette 35 ml (Pc(s))","7668","7488","180","NI","BULK HABIS","Loss MPQ","Bulk habis","Hilang karena proses",""
"222","2022-07-11","dm1 ","FM-MCC-W60ML/H0016","Wardah Nature Daily Mineral+ Clarifying Clay Mask 60 ml","13608","12888","720","NI","BULK HABIS","Loss MPQ","Bulk habis","Hilang karena proses",""
"223","2022-07-11","ke1 ","PRM-PCCYW-MO/H0004","MAKE OVER POWERSTAY Color Correcting Primer Yellow 25 ml","1483","","1483","NI","(not set)","(not set)","(not set)","(not set)",""
"224","2022-07-11","adv6 ","FW-FW01-KA/H0066","Kahf Gentle Exfoliating Face Scrub 100 ml","9120","9000","120","NI","BULK HABIS","Loss MPQ","Bulk habis","Hilang karena proses",""
"225","2022-07-11","AKM1 ","EL-ELT-EM/H0002","EMINA Total Eclipse Pen Liner 1 ml","14545","12840","1705","NI","BULK HABIS","Loss MPQ","Bulk habis","Hilang karena proses",""
"226","2022-07-11","wv2 ","FT-LFT-W/H0057","Wardah Lightening Face Toner 125 ml","23640","22824","816","NI","BULK HABIS","Loss MPQ","Bulk habis","Hilang karena proses",""
"227","2022-07-11","rs1 ","TC-R3LLF01-W/H0030","Wardah Lightening Powder Foundation Light Feel 01 Light Beige 12 g","7488","7449","39","NI","di close karena bulk habis","Loss MPQ","Bulk habis","Hilang karena proses",""
"228","2022-07-11","en2 ","BO-CLCPI-EM10ML/H0006","Emina Cheek Lit Cream Blush Pink 10 ml (Pc(s))","3760","3710","50","NI","BULK HABIS","Loss MPQ","Bulk habis","Hilang karena proses",""
"229","2022-07-11","iy2 ","FW-BSW-EM/H0019","Emina Bright Stuff Whip Face Wash 50 ml","18449","18100","349","NI","BULK HABIS ","Loss MPQ","Bulk habis","Hilang karena proses",""
"230","2022-07-11","AXI1 ","L-LTD-OMG/H0002","OMG Oh My Glam Juicy Kiss Lip Tint Serum – 04 Juicy Plum","8876","8700","176","NI","loss MPQ","Loss MPQ","Packaging habis","Reject &gt; standar",""
"231","2022-07-11","fn1 ","WL-P1-P100/H0008","Putri Wet Look 100 ML (Pc(s))","5560","5544","16","NI","BULK HABIS","Loss MPQ","Bulk habis","Hilang karena proses",""
"232","2022-07-11","qp1 ","L-GS01-EM/H0008","Emina Glossy Stain 01 Autumn Bell 3 g","29568","28992","576","NI","BULK HABIS","Loss MPQ","Bulk habis","Hilang karena proses",""
"233","2022-07-11","yx2 ","M-LDCN1-W/H0025","Wardah Lightening Day Cream Advanced Niacinamide 20 mL","43940","17280","26660","NH,NI","(not set)","(not set)","(not set)","(not set)",""
"234","2022-07-11","sc1 ","TC-RR3LLF04-W/H0028","Wardah Refill Lightening Powder Foundation Light Feel 04 Natural 12 g","27072","11520","15552","NI","sortir karena puff ketinggalan 1 pcs di mesin kartoning kejepit di finger","Man","Human Error","Human Error Pengemasan",""
"235","2022-07-11","(not set)","L-CLADC03-W/BSH0001","Wardah Colorfit Last All Day Lip Paint 14. Royal London","1008","638","370","NI","Bulk habis","Loss MPQ","Bulk habis","Hilang karena proses",""
"236","2022-07-11","sb1 ","TC-RR3LLF03-W/H0032","Wardah Refill Lightening Powder Foundation Light Feel 03 Sheer Pink 12 g","27360","26398","962","NI","Di close karena bulk habis","Loss MPQ","Bulk habis","Hilang karena proses",""
"237","2022-07-11","aze1 ","SRM-RAGIS-W/H0001","Wardah Renew You Anti Aging Intensive Serum 17 ml (New Pack)","31646","25200","6446","NI","(not set)","(not set)","(not set)","(not set)",""
"238","2022-07-11","wc1 ","SS-SBSP30-EM/H0018","Emina Skin Buddy Sun Protection SPF 30 PA+++ 60 ml","15813","15696","117","NI","BULK HABIS","Loss MPQ","Bulk habis","Hilang karena proses",""
"239","2022-07-11","abg1 ","L-CUMKORE-W/H0016","Wardah Colorfit Ultralight Matte Lipstick 13 Upbeat Hongdae 3.6 g","4752","4541","211","NI","Bulk habis","Loss MPQ","Bulk habis","Hilang karena proses",""
"240","2022-07-09","xf1 ","F-PTCMCW22-MO/H0011","MAKE OVER Powerstay Total Cover Matte Cream Foundation W22 Warm Ivory 12 g","1152","1145","7","NI","Bulk habis","Loss MPQ","Bulk habis","Hilang karena proses",""
"241","2022-07-09","yq2 ","L-CHC01-MO/H0016","MAKE OVER Color Hypnose Creamy Lipmatte 01 Charm 4.3 g","528","486","42","NI","Bulk habis","Loss MPQ","Bulk habis","Hilang karena proses",""
"242","2022-07-09","xg1 ","F-PTCMCW33-MO/H0011","MAKE OVER Powerstay Total Cover Matte Cream Foundation W33 Honey Beige 12 g","216","205","11","NI","Bulk habis","Loss MPQ","Bulk habis","Hilang karena proses",""
"243","2022-07-09","aax1 ","L-HSLWB-MO/H0004","Make Over Hydrastay Smooth Lip Whip C02 Ballad 6.5 g","360","","360","NH,NI","Due kemas belum di update .","Leadtime","Select Kendala","Standar tidak ada/belum update",""
"244","2022-07-09","dv3 ","L-LL09-W2.3G/H0027","Wardah Lipstick Longlasting 09 Vibrant Red 2.3 g (Pc(s))","1752","1750","2","NI","Bulk habis","Loss MPQ","Bulk habis","Hilang karena proses",""
"245","2022-07-09","pn2 ","L-CUMKORD-W/H0014","Wardah Colorfit Ultralight Matte Lipstick 12 Autumn Nami 3.6 g","4752","4656","96","NI","Bulk habis","Loss MPQ","Bulk habis","Hilang karena proses",""
"246","2022-07-09","QP1 ","L-GS01-EM/H0007","Emina Glossy Stain 01 Autumn Bell 3 g","29568","27804","1764","NI","BULK HABIS","Loss MPQ","Bulk habis","Hilang karena proses",""
"247","2022-07-08","ael1 ","L-EMC01DP-W/H0002","Wardah Exclusive Matte Lip Cream 01 Red-dicted 4g","22608","21792","816","NI","dusat habis","Internal – Material Supply","Select Kendala","Delay Pengiriman",""
"248","2022-07-08","qi2 ","BO-W1A-W4GR/H0011","Wardah Blush On A 4 gr","3000","2991","9","NI","Di close karena bulk habis","Loss MPQ","Bulk habis","Hilang karena proses",""
"249","2022-07-08","bi3 ","FW-PCSAC-KA/H0086","Kahf Oil and Acne Care Face Wash 100 ml","9508","8745","763","NI","BULK HABIS","Loss MPQ","Bulk habis","Hilang karena proses",""
"250","2022-07-08","(not set)","LB-EVFSS-W4G/BSH0013","Wardah Everyday Fruity Sheer Lip Balm Strawberry 4 g","816","653","163","NI","Bulk habis","Loss MPQ","Bulk habis","Hilang karena proses",""
"251","2022-07-08","pn1 ","L-CUMKORD-W/H0013","Wardah Colorfit Ultralight Matte Lipstick 12 Autumn Nami 3.6 g","4752","4436","316","NI","Bulk habis","Loss MPQ","Bulk habis","Hilang karena proses",""
"252","2022-07-08","vo3 ","TC-RRE03-W/H0035","Wardah Refill Exclusive Two Way Cake 03 Sandy Beige 12 g","7425","7227","198","NI","di close karena bulk habis","Loss MPQ","Bulk habis","Hilang karena proses",""
"253","2022-07-08","(not set)","TC-W3RELLI4-W12G/BSH0006","Wardah Refill Evd Lum Two Way Cake 04 Light Ivory 12 g (Pc(s))","576","527","49","NI","di close karena bulk habis","Loss MPQ","Bulk habis","Hilang karena proses",""
"254","2022-07-08","vp1 ","TC-RRE04-W/H0032","Wardah Refill Exclusive Two Way Cake 04 Natural 12 g","7470","7056","414","NI","bUlk habis di close","Loss MPQ","Bulk habis","Hilang karena proses",""
"255","2022-07-08","(not set)","L-REMA04-W/BSH0001","Wardah Exclusive Matte Lipstick 04 Orange 3.5 g","576","542","34","NI","Bulk habis","Loss MPQ","Bulk habis","Hilang karena proses",""
"256","2022-07-08","UG3 ","LB-EVLNH-W4G/H0023","Wardah Everyday Moisture Lip Nutrition Honey 4 g","4272","","4272","NH,NI","(not set)","(not set)","(not set)","(not set)",""
"257","2022-07-08","xb1 ","BP-SBSE-W35ML/H0005","Wardah Scentsation Bliss Eau De Toilette 35 ml (Pc(s))","7632","6732","900","NI","(not set)","(not set)","(not set)","(not set)",""
"258","2022-07-08","fp1 ","TC-RPC08-MO12G/H0011","MAKE OVER Perfect Cover Refill TWC 08 Honey 12 g (Pc(s))","1440","","1440","NH,NI","efek bulk telat release dan di close karena bulk habis","Leadtime","Leadtime &gt; Standard","Efek Domino Pendingan",""
"259","2022-07-08","aer1 ","L-EMC16DP-W/H0002","Wardah Exclusive Matte Lip Cream 16 Heartbeet 4g","9792","9792","","NH","(not set)","(not set)","(not set)","(not set)",""
"260","2022-07-08","UG2 ","LB-EVLNH-W4G/H0022","Wardah Everyday Moisture Lip Nutrition Honey 4 g","4272","","4272","NH,NI","Due kemas belum update","Leadtime","Leadtime &gt; Standard","Select Kendala",""
"261","2022-07-08","uc1 ","L-IPMMS03-W3.5G/H0008","Wardah Instaperfect MATTETITUDE Matte Stain Lipstick 03. FEMME 3.5 g","792","648","144","NI","Bulk habis","Loss MPQ","Bulk habis","Hilang karena proses",""
"262","2022-07-08","jr2 ","FW-PCSRB-KA/H0082","Kahf Skin Energizing and Brightening Face Wash 100 ml","9360","9120","240","NI","BULK HABIS","Loss MPQ","Bulk habis","Hilang karena proses",""
"263","2022-07-08","aat1 ","L-HSLWK-MO/H0011","Make Over Hydrastay Smooth Lip Whip C11 Suave 6.5 g","360","330","30","NI","bulk habis","Loss MPQ","Bulk habis","Hilang karena proses",""
"264","2022-07-08","(not set)","LB-EVFSS-W4G/BSH0016","Wardah Everyday Fruity Sheer Lip Balm Strawberry 4 g","624","482","142","NI","Bulk habis","Loss MPQ","Bulk habis","Hilang karena proses",""
"265","2022-07-08","jr1 ","FW-PCSRB-KA/H0081","Kahf Skin Energizing and Brightening Face Wash 100 ml","9360","9045","315","NI","BULK HABIS","Loss MPQ","Bulk habis","Hilang karena proses",""
"266","2022-07-08","(not set)","TC-RR3LLF02-W/BSH0012","Wardah Refill Lightening Powder Foundation Light Feel 02 Golden Beige 12 g","720","626","94","NI","di close karena bulk habis","Loss MPQ","Bulk habis","Hilang karena proses",""
"267","2022-07-08","lw1 ","L-CM06-EM5.5GR/H0010","Emina Creamatte 06 Jelly Bean 5.5 gr (Pc(s))","2304","1392","912","NI","dusat habis , kurang dari log","Internal – Material Supply","Select Kendala","Delay Pengiriman",""
"268","2022-07-08","(not set)","LB-EVFSS-W4G/BSH0015","Wardah Everyday Fruity Sheer Lip Balm Strawberry 4 g","672","610","62","NI","Bulk habis","Loss MPQ","Bulk habis","Hilang karena proses",""
"269","2022-07-08","ud1 ","L-IPMMS02-W3.5G/H0009","Wardah Instaperfect MATTETITUDE Matte Stain Lipstick 02. NOBLE 3.5 g","792","648","144","NI","Bulk habis","Loss MPQ","Bulk habis","Hilang karena proses",""
"270","2022-07-08","am1 ","L-MLCA-OMG/H0026","OMG OH MY GLAM Matte Kiss Lip Cream 01 Dreamy 3.5 g","11976","","11976","NH,NI","Bulk rework","Quality","Bulk Pending / Rework / Reject","Kualitas Bulk Bermasalah",""
"271","2022-07-08","yh2 ","L-CUM05-W/H0022","Wardah Colorfit Ultralight Matte Lipstick 05 Blossom Pink 3.6 g","4752","4733","19","NI","Bulk habis","Loss MPQ","Bulk habis","Hilang karena proses",""
"272","2022-07-08","ib1 ","LB-SR-EM4.2GR/H0027","Emina Sugar Rush Lip Scrub 4.2 gr (Pc(s))","8640","8569","71","NI","Bulk habis","Loss MPQ","Bulk habis","Hilang karena proses",""
"273","2022-07-08","vm1 ","TC-RRE01-W/H0017","Wardah Refill Exclusive Two Way Cake 01 Sheer Pink 12 g","7515","7165","350","NI","Di close karena bulk habis","Loss MPQ","Bulk habis","Hilang karena proses",""
"274","2022-07-08","wv1 ","FT-LFT-W/H0056","Wardah Lightening Face Toner 125 ml","23640","22200","1440","NI","BULK HABIS","Loss MPQ","Bulk habis","Hilang karena proses",""
"275","2022-07-08","(not set)","BO-COCBMM-W/BSH0001","Wardah Colorfit Cream Blush 02 MERRY MAUVE 3 g","1560","1461","99","NI","Bulk habis","Loss MPQ","Bulk habis","Hilang karena proses",""
"276","2022-07-08","de2 ","FS-RLN2-W/H0029","Wardah Lightening Gentle Exfoliator 50 ml","18847","18800","47","NI","BULK HABIS","Loss MPQ","Bulk habis","Hilang karena proses",""
"277","2022-07-08","bi4 ","FW-PCSAC-KA/H0087","Kahf Oil and Acne Care Face Wash 100 ml","9508","9000","508","NI","BULK HABIS","Loss MPQ","Bulk habis","Hilang karena proses",""
"278","2022-07-08","(not set)","LB-EVFSS-W4G/BSH0014","Wardah Everyday Fruity Sheer Lip Balm Strawberry 4 g","720","583","137","NI","Bulk habis","Loss MPQ","Bulk habis","Hilang karena proses",""
"279","2022-07-08","awd1 ","F-L04VC-OMG/H0004","OMG Oh My Glam Coverlast Liquid Foundation 32 N Natural","13804","13640","164","NI","BULK HABIS","Loss MPQ","Bulk habis","Hilang karena proses",""
"280","2022-07-08","axk1 ","SS-SBAT30N2-EM/H0010","Emina Sun Battle SPF 30 PA+++ 23 ml","40000","19332","20668","NI","(not set)","(not set)","(not set)","(not set)",""
"281","2022-07-08","oa1 ","L-IMC016-MO6,5G/H0016","MAKE OVER Intense Matte Lip Cream 016 Pixie 6,5 g (Pc(s))","2016","","2016","NH,NI","(not set)","(not set)","(not set)","(not set)",""
"282","2022-07-08","avu1 ","S-A1SEC-W/H0011","Wardah Anti Dandruff Shampoo 170 ml","16651","16224","427","NI","BULK HABIS","Loss MPQ","Bulk habis","Hilang karena proses",""
"283","2022-07-08","aaq1 ","L-HSLWE-MO/H0008","Make Over Hydrastay Smooth Lip Whip C05 Swift 6.5 g","360","357","3","NI","(not set)","(not set)","(not set)","(not set)",""
"284","2022-07-08","xh1 ","F-PTCMCN30-MO/H0013","MAKE OVER Powerstay Total Cover Matte Cream Foundation N30 Natural Beige 12 g","216","","216","NH,NI","(not set)","(not set)","(not set)","(not set)",""
"285","2022-07-08","kp1 ","BO-CLPPCCC-EM3.5GR/H0016","Emina Cheek Lit Pressed Blush Cotton Candy 3.5 gr (Pc(s))","3840","3838","2","NI","di close karena bulk habis","Loss MPQ","Bulk habis","Hilang karena proses",""
"286","2022-07-08","xe1 ","F-PTCMCN10-MO/H0019","MAKE OVER Powerstay Total Cover Matte Cream Foundation N10 Marble 12 g","216","193","23","NI","(not set)","(not set)","(not set)","(not set)",""
"287","2022-07-08","nj1 ","EB-SMUEMB-EM/H0007","Emina Squeeze Me Up Browcara Ashy 8 g","5232","4948","284","NI","Bulk habis","Loss MPQ","Bulk habis","Hilang karena proses",""
"288","2022-07-08","xh2 ","F-PTCMCN30-MO/H0014","MAKE OVER Powerstay Total Cover Matte Cream Foundation N30 Natural Beige 12 g","216","","216","NH,NI","(not set)","(not set)","(not set)","(not set)",""
"289","2022-07-08","yz1 ","TWC-CLFTRG-W/H0002","Wardah Colorfit Velvet Powder Foundation Refill 42N Neutral Sand 11 g","1548","1440","108","NH,NI","Di close karena bilk habis","Loss MPQ","Bulk habis","Hilang karena proses",""
"290","2022-07-08","fj1 ","TC-PC08-MO12G/H0011","MAKE OVER Perfect Cover TWC 08 Honey 12 g (Pc(s))","1416","1307","109","NI","Bulk habis di close","Loss MPQ","Bulk habis","Hilang karena proses",""
"291","2022-07-08","uy5 ","B-SPB-MO13GR/H0008","MAKE OVER Shimmering Powder Bronzed 13 gr","240","224","16","NI","di cloes karena bulk habis","Loss MPQ","Bulk habis","Hilang karena proses",""
"292","2022-07-08","ha1 ","B-DMCP01-EM/H0015","Emina Daily Matte Compact Powder 01 Light 11 g","4968","","4968","NH,NI","Bulk telat release,baru dikerjain senin,11/07/2022","Leadtime","Leadtime &gt; Standard","Kualitas bulk bermasalah",""
"293","2022-07-08","wy2 ","B-PBTUBB-W/H0044","Wardah Perfect Bright BB Powder 50 g","5850","5830","20","NI","di close karena bulk habis","Loss MPQ","Bulk habis","Hilang karena proses",""
"294","2022-07-07","bi2 ","FW-PCSAC-KA/H0085","Kahf Oil and Acne Care Face Wash 100 ml","9508","9000","508","NI","BULK HABIS","Loss MPQ","Bulk habis","Hilang karena proses",""
"295","2022-07-07","fk1 ","TC-PC05-MO12G/H0013","MAKE OVER Perfect Cover TWC 05 Cinnamon 12 g (Pc(s))","576","","576","NH,NI","(not set)","(not set)","(not set)","(not set)",""
"296","2022-07-07","cg1 ","DDC-CDN-W20ML/H0009","Wardah C-Defense DD Cream Natural 20 ml (Pc(s))","22563","22500","63","NI","BULK HABIS","Loss MPQ","Bulk habis","Hilang karena proses",""
"297","2022-07-07","GF1 ","MY-RAFP-W/H0003","Malaysia Wardah Acnederm Face Powder 20 g","2976","2832","144","NI","Di close karena bulk habis","Loss MPQ","Bulk habis","Hilang karena proses",""
"298","2022-07-07","vn1 ","TC-RRE02-W/H0039","Wardah Refill Exclusive Two Way Cake 02 Light Beige 12 g","7425","7165","260","NI","di close karena bulk habis","Loss MPQ","Bulk habis","Hilang karena proses",""
"299","2022-07-07","ACA2 ","FT-FTVC-OMG/H0028","OMG Oh My Glow Peach Glowing Toner 100 ml","9648","9620","28","NI","BULK HABIS","Loss MPQ","Bulk habis","Hilang karena proses",""
"300","2022-07-07","iv1 ","M-PBTUC-W/H0007","Wardah Perfect Bright Tone Up Cream 20 ml","20700","20088","612","NI","BULK HABIS","Loss MPQ","Bulk habis","Hilang karena proses",""
"301","2022-07-07","VP6 ","TC-RRE04-W/H0031","Wardah Refill Exclusive Two Way Cake 04 Natural 12 g","7470","7207","263","NI","di close karena bulk habis","Loss MPQ","Bulk habis","Hilang karena proses",""
"302","2022-07-07","dt1 ","FW-SBRDBR-EM/H0012","Emina Skin Buddy Dot Burst Face Wash 60 ml","9144","8928","216","NI","BULK HABIS","Loss MPQ","Bulk habis","Hilang karena proses",""
"303","2022-07-07","fc1 ","TC-PC02-MO12G/H0018","MAKE OVER Perfect Cover TWC 02 Coral 12 g (Pc(s))","1440","1288","152","NI","Di close karena bulk habis","Loss MPQ","Bulk habis","Hilang karena proses",""
"304","2022-07-07","vo1 ","TC-RRE03-W/H0033","Wardah Refill Exclusive Two Way Cake 03 Sandy Beige 12 g","7425","7211","214","NI","Di close karena bulk habis","Loss MPQ","Bulk habis","Hilang karena proses",""
"305","2022-07-07","bi1 ","FW-PCSAC-KA/H0084","Kahf Oil and Acne Care Face Wash 100 ml","9508","8715","793","NI","BULK HABIS","Loss MPQ","Bulk habis","Hilang karena proses",""
"306","2022-07-07","adb1 ","L-EMC10DP-W/H0001","Wardah Exclusive Matte Lip Cream 10 Berry Pretty 4g","9792","9792","","NH","(not set)","(not set)","(not set)","(not set)",""
"307","2022-07-07","dn1 ","L-LL01-W2.3G/H0013","Wardah Lipstick Longlasting 01 Fabulous Peach 2.3 g (Pc(s))","1752","1690","62","NI","Bulk habis","Loss MPQ","Bulk habis","Hilang karena proses",""
"308","2022-07-07","ADX1 ","L-NLCXCA-EM/H0002","Emina Poppin&#039; Matte X Chatime 11 Chatime Milk Tea","13680","13680","","NH","(not set)","(not set)","(not set)","(not set)",""
"309","2022-07-07","az1 ","L-MLCN-OMG/H0017","OMG Oh My Glam Matte Kiss Lip Cream 14 Cappuccino 3.5 g","11976","11760","216","NI","LOSS MPQ","Loss MPQ","Bulk habis","Netto overfill",""
"310","2022-07-07","ADD1 ","FA-IPLGH02-W/H0002","Instaperfect Hi Glow Fluid Highlighter Rose Quartz","1935","","1935","NH,NI","(not set)","(not set)","(not set)","(not set)",""
"311","2022-07-07","vn3 ","TC-RRE02-W/H0041","Wardah Refill Exclusive Two Way Cake 02 Light Beige 12 g","7425","7374","51","NI","Di close karena bulk habis","Loss MPQ","Bulk habis","Hilang karena proses",""
"312","2022-07-07","yh1 ","L-CUM05-W/H0021","Wardah Colorfit Ultralight Matte Lipstick 05 Blossom Pink 3.6 g","4752","4676","76","NI","Bulk habis","Loss MPQ","Bulk habis","Hilang karena proses",""
"313","2022-07-07","yl1 ","L-CUM01-W/H0009","Wardah Colorfit Ultralight Matte Lipstick 01 Parfait Pink 3.6 g","4752","4431","321","NI","Bulk habis","Loss MPQ","Bulk habis","Hilang karena proses",""
"314","2022-07-07","nk2 ","B-PT06-MO35G/H0029","MAKE OVER Silky Smooth Translucent Powder 06 Buttermilk 35 g","1598","952","646","NI","di close karena bulk habis","Loss MPQ","Bulk habis","Hilang karena proses",""
"315","2022-07-07","PN1 ","L-CUMKORD-W/H0012","Wardah Colorfit Ultralight Matte Lipstick 12 Autumn Nami 3.6 g","18576","18393","183","NI","Bulk habis","Loss MPQ","Bulk habis","Hilang karena proses",""
"316","2022-07-07","ACA1 ","FT-FTVC-OMG/H0027","OMG Oh My Glow Peach Glowing Toner 100 ml","9648","9441","207","NI","BULK HABIS","Loss MPQ","Bulk habis","Hilang karena proses",""
"317","2022-07-07","sz1 ","FM-CMSS-EM/H0007","Emina Clay Mask Soothe &amp; Smooth 60 ml","2315","2268","47","NI","BULK HABIS","Loss MPQ","Bulk habis","Hilang karena proses",""
"318","2022-07-07","VP5 ","TC-RRE04-W/H0030","Wardah Refill Exclusive Two Way Cake 04 Natural 12 g","7470","7239","231","NI","di close karena bulk habis","Loss MPQ","Bulk habis","Hilang karena proses",""
"319","2022-07-06","amy1 ","BO-MMB01-MO/H0001","MAKE OVER Multifix Matte Blusher 01 Rose Hour 9 g","978","953","25","NI","Bulk habis","Loss MPQ","Bulk habis","Hilang karena proses",""
"320","2022-07-06","YP4 ","BO-CPLP-W/H0007","WARDAH CRYSTALLURE Precious Lustre Prism Blush 10 g","576","","576","NI","Container riject supply dan untuk FG yg sudah ok tidak dinkirim BS","External – Material Supply","Packaging/FG Impor Supply","Terlambat Supply",""
"321","2022-07-06","bk1 ","S-P1SRL-P450/H0009","Putri SPA Relaxing Shampoo (Lavender) 450 ML (Pc(s))","108","84","24","NI","LOSS BULK","Loss MPQ","Bulk habis","Hilang karena proses",""
"322","2022-07-06","QH3 ","BO-W1C-W4GR/H0026","Wardah Blush On C 4 gr","3000","2901","99","NI","Di close karena refill habis","Loss MPQ","Bulk habis","Hilang karena proses",""
"323","2022-07-06","VM4 ","TC-RRE01-W/H0016","Wardah Refill Exclusive Two Way Cake 01 Sheer Pink 12 g","7515","7281","234","NI","Di close karena bulk habis","Loss MPQ","Bulk habis","Hilang karena proses",""
"324","2022-07-06","qa1 ","FW-AH-W60ML/H0012","Wardah Nature Daily Aloe Hydramild Facial Wash 60 ml","15485","15444","41","NI","BULK HABIS","Loss MPQ","Bulk habis","Hilang karena proses",""
"325","2022-07-06","pu1 ","M-LDCN2-W/H0024","Wardah Lightening Day Cream Advanced Niacinamide 30 g","30957","30720","237","NI","(not set)","(not set)","(not set)","(not set)",""
"326","2022-07-06","fe1 ","TC-PC01-MO12G/H0011","MAKE OVER Perfect Cover TWC 01 Lace 12 g (Pc(s))","1368","1238","130","NI","Di close karena bulk habis","Loss MPQ","Bulk habis","Hilang karena proses",""
"327","2022-07-06","VP3 ","TC-RRE04-W/H0028","Wardah Refill Exclusive Two Way Cake 04 Natural 12 g","7470","7380","90","NI","Di close karena bulk habis","Loss MPQ","Bulk habis","Hilang karena proses",""
"328","2022-07-06","eb1 ","TC-R3LEC01-W/H0009","Wardah Lightening Powder Foundation Extra Cover 01 Light Beige 10 g","2880","2878","2","NI","Di close karena bulk habis","Loss MPQ","Bulk habis","Hilang karena proses",""
"329","2022-07-06","ADA1 ","L-EMC18DP-W/H0001","Wardah Exclusive Matte Lip Cream 18 Saturdate Night 4g","9792","9792","","NH","(not set)","(not set)","(not set)","(not set)",""
"330","2022-07-06","RK3 ","L-CM11-EM5.5GR/H0013","Emina Creamatte 11 Amazeballs 5.5 gr","2304","2252","52","NI","Bulk habis","Loss MPQ","Bulk habis","Hilang karena proses",""
"331","2022-07-06","NE1 ","FW-CD-W100ML/H0048","Wardah C-Defense Energizing Creamy Wash 100 ml (Pc(s))","28680","28650","30","NI","BULK HABIS","Loss MPQ","Bulk habis","Hilang karena proses",""
"332","2022-07-06","fe1 ","BP-IWEDT-KA/H0012","Kahf Invigorating Waterfall Eau de Toilette 35 ml","10634","10604","30","NI","LOSS BULK","Loss MPQ","Bulk habis","Hilang karena proses",""
"333","2022-07-06","FL5 ","TC-PPCN-MO3X12G/H0007","MAKE OVER TWC Palette 3X12 g (Pc(s))","192","167","25","NI","Di close karena refill habis","Loss MPQ","Bulk habis","Hilang karena proses",""
"334","2022-07-06","wz1 ","LT-CR01-EM/H0019","Emina Creamytint 01 Brick Town 3.6 g","3564","","3564","NI","Bulk telat relase","Leadtime","Leadtime &gt; Standard","Delay Pengiriman",""
"335","2022-07-06","uy2 ","B-SPB-MO13GR/H0005","MAKE OVER Shimmering Powder Bronzed 13 gr","240","216","24","NI","Di close karena bulk habis","Loss MPQ","Bulk habis","Hilang karena proses",""
"336","2022-07-06","HJ1 ","TC-W3RELLB1-W12G/H0014","Wardah Refill Evd Lum Two Way Cake 01 Light Beige 12 g (Pc(s))","7344","7263","81","NI","Di close karena bulk habis","Loss MPQ","Bulk habis","Hilang karena proses",""
"337","2022-07-06","adz1 ","L-CUSH05-EM/H0003","Emina Lip Cushion 05. Squash It Up 9 g","1444","1423","21","NI","Bulk habis","Loss MPQ","Bulk habis","Hilang karena proses",""
"338","2022-07-06","sb1 ","A-PRT-W100ML/H0027","Wardah Acnederm Pore Refining Toner 100 ml (Pc(s))","7929","7600","329","NI","BULK HABIS","Loss MPQ","Bulk habis","Hilang karena proses",""
"339","2022-07-06","NN1 ","FW-BSACNEN2-EM/H0034","Emina Bright Stuff for Acne Prone Skin Face Wash 50 ml","55800","55500","300","NI","BULK HABIS","Loss MPQ","Bulk habis","Hilang karena proses",""
"340","2022-07-06","VO4 ","TC-RRE03-W/H0032","Wardah Refill Exclusive Two Way Cake 03 Sandy Beige 12 g","7425","7245","180","NI","Di close karena bulk habis","Loss MPQ","Bulk habis","Hilang karena proses",""
"341","2022-07-06","ep1 ","MY-RTCRE04-W/H0007","Malaysia Wardah Exclusive Two Way Cake 04 Natural 12 g","4320","4260","60","NI","Di close karena bulk habis","Loss MPQ","Bulk habis","Hilang karena proses",""
"342","2022-07-06","jt1 ","BO-SKPF01-MO6G/H0028","MAKE OVER BO Single 01 Pink Fantasist 6 g (Pc(s))","234","229","5","NI","Di close karena refill habis","Loss MPQ","Bulk habis","Select Kendala",""
"343","2022-07-06","VP2 ","TC-RRE04-W/H0027","Wardah Refill Exclusive Two Way Cake 04 Natural 12 g","7470","7335","135","NI","Di close karena bulk habis","Loss MPQ","Bulk habis","Hilang karena proses",""
"344","2022-07-06","vf1 ","LB-STSPB-EM/H0024","Emina Oh So Kissable Tinted Balm Stick Pink Bonbons 3.4 g","2064","1890","174","NI","Bulk habis","Loss MPQ","Bulk habis","Hilang karena proses",""
"345","2022-07-06","VP4 ","TC-RRE04-W/H0029","Wardah Refill Exclusive Two Way Cake 04 Natural 12 g","7470","6961","509","NI","Di close karena bulk habis","Loss MPQ","Bulk habis","Hilang karena proses",""
"346","2022-07-06","DU1 ","L-LL08-W2.3G/H0024","Wardah Lipstick Longlasting 08 Red Velvet 2.3 g (Pc(s))","1752","1536","216","NI","Bulk habis","Loss MPQ","Bulk habis","Hilang karena proses",""
"347","2022-07-06","DK2 ","FW-BS-EM50ML/H0045","Emina Bright Stuff Face Wash 50 ml","38592","38550","42","NI","BULK HABIS","Loss MPQ","Bulk habis","Hilang karena proses",""
"348","2022-07-06","ca1 ","BBC-EN-W15ML/H0008","Wardah Everyday BB Cream Natural 15 ml (Pc(s))","57408","56016","1392","NI","BULK HABIS","Loss MPQ","Bulk habis","Hilang karena proses",""
"349","2022-07-06","uy4 ","B-SPB-MO13GR/H0007","MAKE OVER Shimmering Powder Bronzed 13 gr","240","218","22","NI","Di close karena bulk habis","Loss MPQ","Bulk habis","Hilang karena proses",""
"350","2022-07-06","zv1 ","BO-CLBSNT-EM/H0004","Emina Cheek Lit Highlighter Stick Nudetwinkle 7 g","624","511","113","NI","Bulk habis","Loss MPQ","Bulk habis","Hilang karena proses",""
"351","2022-07-06","uy1 ","B-SPB-MO13GR/H0004","MAKE OVER Shimmering Powder Bronzed 13 gr","240","215","25","NI","Di close karena bulk habis","Loss MPQ","Bulk habis","Hilang karena proses",""
"352","2022-07-06","VA1 ","FW-AH-W100ML/H0011","Wardah Nature Daily Aloe Hydramild Facial Wash 100 ml","28560","28470","90","NI","(not set)","(not set)","(not set)","(not set)",""
"353","2022-07-06","DK1 ","FW-BS-EM50ML/H0044","Emina Bright Stuff Face Wash 50 ml","38592","38400","192","NI","BULK HABIS","Loss MPQ","Bulk habis","Hilang karena proses",""
"354","2022-07-06","ZR1 ","FW-LMGWN2-W/H0027","Wardah Lightening Micellar Gentle Wash 100 ml","28805","28420","385","NI","BULK HABIS","Loss MPQ","Bulk habis","Hilang karena proses",""
"355","2022-07-06","lt1 ","L-CM03-EM5.5GR/H0014","Emina Creamatte 03 Mauvelous 5.5 gr (Pc(s))","2304","","2304","NH,NI","(not set)","(not set)","(not set)","(not set)",""
"356","2022-07-06","VP1 ","TC-RRE04-W/H0026","Wardah Refill Exclusive Two Way Cake 04 Natural 12 g","7470","7311","159","NI","Di close karena bulk habis","Loss MPQ","Bulk habis","Hilang karena proses",""
"357","2022-07-06","we1 ","A-SATG-W15ML/H0013","Wardah Acnederm Acne Spot Treatment Gel 15 ml (Pc(s))","17680","17220","460","NI","BULK HABIS","Loss MPQ","Bulk habis","Hilang karena proses",""
"358","2022-07-06","by1 ","BBC-LN-W15ML/H0012","Wardah Lightening BB Cream Natural 15 ml (pc(s))","57100","56544","556","NI","BULK HABIS","Loss MPQ","Bulk habis","Hilang karena proses",""
"359","2022-07-06","uy3 ","B-SPB-MO13GR/H0006","MAKE OVER Shimmering Powder Bronzed 13 gr","240","211","29","NI","Di close karena bulk habis","Loss MPQ","Bulk habis","Hilang karena proses",""
